2.429995;-3.745326
11.857792;13.507998
13.684923;0.110492
1.600236;10.790689
13.609454;12.706075
13.283064;4.203570
3.385437;-0.883789
15.449617;14.573641
10.730844;2.151139
1.972879;2.407160
9.124865;10.195945
15.366113;0.025701
-1.409052;2.981696
10.234947;7.179508
13.813067;-5.913827
4.687687;2.551306
12.490592;14.482880
10.225389;0.487443
5.461601;8.150023
9.758594;8.131275
9.950357;0.596307
2.682863;7.338469
14.674088;11.533607
10.445324;-0.630502
1.788586;4.413455
12.849120;9.208272
8.952124;2.820828
4.175839;-2.173405
11.357241;12.941967
12.267543;1.391928
2.437532;7.714684
12.547805;15.165075
12.039495;-3.165536
0.586790;2.465680
10.914059;11.204075
11.802276;-1.622294
0.429327;5.768759
13.280440;14.003555
16.146641;-0.592685
3.306231;8.696159
14.871147;11.489377
15.929456;-0.484065
5.211823;10.514812
12.696509;13.898561
12.696322;-1.838482
2.790120;8.551150
8.136551;13.060314
11.673279;0.395544
2.651119;9.222176
7.848977;15.501740
14.740337;-1.989461
5.526678;5.259932
14.030811;13.912291
10.550151;-0.484732
-0.251590;-1.976771
13.568260;8.859775
14.592373;-0.714959
0.377477;1.508240
10.472694;13.811142
15.436092;2.637791
5.495025;3.602369
9.342767;11.004303
12.974897;5.355631
5.685733;2.204105
14.928444;13.027706
9.897830;0.218171
4.735627;-9.144053
9.293971;10.158125
5.382832;-0.982587
0.024497;8.426083
16.791756;12.828828
14.600130;-1.085807
7.641572;10.351379
7.933309;15.738203
15.040566;2.069682
4.405958;1.079251
12.997501;11.328556
17.045265;2.377818
1.164168;6.165840
11.099029;13.739898
12.725685;-3.279211
6.389606;8.745560
6.191408;11.476895
9.094624;3.835254
0.901670;2.855808
15.396391;9.941650
14.932932;1.717920
0.485500;2.102176
16.248304;13.374485
16.118822;-2.404558
4.309071;7.606580
10.085489;14.263614
11.124948;2.126210
2.477238;3.543817
7.453431;13.036204
15.743597;3.929892
5.756454;10.509179
15.127260;10.902896
18.345598;-3.809274
1.419868;-1.541357
9.447042;12.795931
19.564461;3.938315
1.517205;7.067315
12.685167;8.057367
17.387451;-1.314602
4.254394;-2.552563
8.593165;11.617374
7.081139;1.503526
3.790665;5.272918
13.403916;8.907876
5.934467;-3.587322
2.670265;-5.264712
10.916709;12.781509
15.057499;2.034769
1.437059;2.643027
13.622741;12.150075
15.081499;-3.226232
3.820673;2.165908
11.761396;13.325281
9.780752;1.290596
3.980172;3.143227
14.710953;8.712990
9.967338;-1.561167
0.350215;0.740921
9.983088;13.677676
10.929591;0.529572
-1.281686;-0.770437
13.767928;14.578756
19.464691;-0.891253
2.750963;1.090737
14.858368;16.983095
15.168884;-2.948309
5.833653;7.781512
10.253493;14.108212
12.143084;3.207104
3.398305;3.692813
7.756885;12.630421
13.228077;2.606956
3.242029;10.169361
19.840822;9.485343
12.523483;0.080664
2.762988;1.066181
14.336106;16.158461
4.760770;3.333099
2.197490;11.311710
6.214298;9.139208
13.338516;4.336399
5.112304;-4.004929
13.796661;14.021863
9.313928;4.199377
0.918125;1.508523
5.608880;14.744661
8.716707;0.262661
-0.162643;2.886896
15.014393;11.862147
5.646862;-0.480590
6.900834;1.324727
9.640648;11.498392
12.809114;-1.059253
3.528587;8.446625
13.629759;16.291739
14.041001;-2.646186
4.917480;5.976162
9.357299;11.871157
13.354014;3.284003
3.694634;6.582574
11.386971;11.893382
17.092255;-0.181254
0.820666;4.355050
15.903414;11.959953
13.533931;-1.879978
-5.120296;2.904707
12.009784;10.755485
12.276622;-1.091053
2.423296;6.895524
17.659184;8.172815
16.713436;-2.830745
1.245944;4.420790
9.916454;12.475307
16.643038;2.876215
-0.297841;-4.183889
9.073870;14.677546
11.185828;0.756812
3.730714;-2.676429
13.985878;13.205156
12.325990;-2.634994
4.683676;-4.836855
6.278920;16.481907
11.114113;-5.571498
3.672047;1.730729
10.005531;11.424368
12.920254;-1.548571
4.181182;0.432829
17.888126;13.790839
15.421651;4.519443
3.055489;7.358807
14.974619;13.536441
14.974534;1.223606
0.247646;2.250870
10.845186;15.083103
12.237634;6.287340
0.379868;3.612632
10.426265;12.150396
13.441292;4.102369
4.043569;7.377087
9.191036;10.831267
11.119957;2.358883
6.228631;0.020802
8.902209;9.693331
20.758293;-0.383280
0.797000;-4.943304
11.405175;11.665789
15.456919;0.018764
3.154039;-1.646563
12.350900;10.835419
15.926629;-1.254953
4.867464;4.994077
9.992670;14.086370
15.118012;-2.474195
1.150493;6.111873
14.281637;8.491892
17.841829;1.135295
1.971630;-0.356866
9.143703;15.698574
11.517097;-0.755037
6.207212;-0.682173
9.083927;13.817028
6.874352;0.553322
1.908551;4.330787
7.957155;11.061082
11.023489;1.902364
4.049664;-3.266373
11.907342;13.710879
16.544025;-2.221515
0.080544;4.893456
15.620570;13.487226
14.426345;-1.093437
0.887859;-1.288182
9.745057;13.923144
12.279617;1.526499
2.480490;0.246894
16.229805;11.511407
11.193367;0.969347
1.903806;5.990463
9.391512;14.008245
12.536189;2.475689
4.049033;7.988495
15.313418;14.360381
9.785586;-2.767497
5.515286;7.552426
10.832989;11.837147
14.077127;-0.456904
6.037112;2.392140
10.281470;12.372172
13.518450;0.762546
7.185801;0.062447
8.656931;11.191671
10.489328;1.751047
7.134922;-3.625933
8.801624;8.156445
7.607383;3.885652
1.255528;0.370327
14.393192;10.798426
13.969684;1.567823
0.482125;3.265802
12.804314;15.236023
11.424327;1.096881
0.764782;9.207996
18.771704;12.908055
7.922997;-3.247879
6.610174;-3.559305
9.293798;8.775683
11.520952;1.580695
3.203102;-1.462236
11.562215;10.905610
10.384280;2.047795
5.449004;3.024641
13.175189;12.741654
8.848719;-1.068403
3.165962;-5.054035
4.452275;11.856596
16.627773;1.388856
5.085991;-1.109051
13.060571;11.563686
14.274553;0.510379
2.181526;0.164637
11.027253;13.397520
9.188725;2.201078
3.215142;2.768750
15.405861;16.089272
9.542714;-5.933551
5.143671;0.861851
13.669544;16.216270
14.562941;-2.233065
5.994423;-1.020118
13.225959;15.839867
9.776159;-0.471347
0.272324;2.300609
12.354954;11.609659
9.382536;-1.215313
6.333566;0.949488
9.741777;11.149889
9.519608;4.852783
3.569399;-1.563680
9.510064;11.907124
7.847391;0.992472
4.424127;4.622760
12.786736;10.895533
15.637365;4.784083
0.920553;4.261680
13.812285;11.832918
13.205680;3.152931
-2.111196;5.246865
11.851785;12.601719
14.754168;-0.004343
5.419732;3.648458
9.741864;14.443096
10.130945;0.599625
-0.053199;0.300390
7.684064;6.509852
17.360239;1.873504
4.442740;-7.070829
13.933258;13.899703
7.782456;-3.237978
3.522366;4.098244
11.136580;13.461734
12.555981;-1.941079
-1.600912;-7.896546
15.526182;12.827367
12.042686;-1.945290
3.933793;-4.555582
14.856015;10.728797
17.880930;-1.964268
-2.032004;2.929003
10.497809;8.161720
10.105934;1.661300
0.509846;2.528175
10.344151;11.232441
7.903168;-1.824313
2.070167;3.783944
12.716749;12.778243
5.920880;-0.655348
3.176097;8.807759
9.932452;10.132500
13.838429;-2.595461
5.715664;-1.629952
6.178532;10.642266
14.267633;-3.284974
1.936390;-0.934173
12.601151;11.431828
12.814262;2.469759
5.146853;6.192511
12.679370;11.324234
7.551985;-0.260747
5.089658;-5.103965
9.280396;12.146736
11.744370;0.330123
5.537934;6.520293
9.369852;14.690745
11.764105;-0.729578
4.777586;-6.000954
11.596730;11.071065
14.683915;-0.621254
7.047493;8.798508
9.893372;11.166707
13.292363;2.924762
4.144904;5.844451
9.990211;14.005384
13.099915;4.153327
2.017199;1.705345
14.981634;11.774641
14.237539;-5.798926
6.707632;-1.236822
12.423233;9.988228
18.244349;-1.625100
4.707300;0.857419
10.792829;14.056048
15.455176;-1.454179
1.339419;-4.224541
14.286989;12.807819
10.460548;0.804212
2.890474;-1.242158
8.793248;14.974855
14.841462;-0.123426
2.721625;0.921296
14.481107;10.973312
14.242717;-3.111126
6.132810;8.890062
10.288751;13.634589
15.521091;-1.159648
2.826524;-0.381237
10.407075;10.566246
14.061716;0.155615
-0.094842;3.338299
8.494034;12.075450
6.784397;2.281893
-0.233453;4.257659
15.965140;10.374002
20.750845;2.700271
2.597172;-0.237018
15.555645;12.732757
18.176802;0.069729
0.359681;13.212796
12.874576;7.825744
11.170627;0.491036
-2.717469;-2.567536
8.798370;14.134502
9.571609;2.495405
-0.463750;0.001018
16.140940;9.275890
15.134621;-5.714697
0.654120;8.715645
11.622191;13.247183
14.876986;4.687795
6.966719;2.352294
8.074078;8.251139
15.903605;-0.083343
1.847259;-3.928170
11.574973;11.697998
18.411144;0.963890
5.388377;0.265653
11.374300;11.480286
13.975923;-0.530776
7.714423;-5.019606
14.740957;14.480429
10.181062;-2.000127
5.157837;5.319918
12.958737;12.007778
16.358385;4.003095
3.119509;2.594261
10.297996;9.799435
13.681765;-1.452323
0.808737;-2.891152
8.728684;14.025742
15.321966;-2.930029
1.073108;1.046917
11.093136;14.581568
15.111781;-2.633880
5.957412;4.048930
9.989602;14.231702
7.073728;-0.945931
4.255569;-2.804892
13.310309;9.071617
11.276710;-0.600761
4.751617;9.518270
9.713896;8.576629
9.576400;1.633700
4.047239;3.163459
18.046206;9.915848
10.027740;1.888030
2.332173;1.874130
13.714246;12.889945
14.777230;-1.908320
2.698534;9.938182
14.969866;20.332275
7.414513;-2.812474
0.129654;3.761586
12.087589;15.766056
13.728125;1.598779
1.781478;-1.151021
10.423714;14.810180
12.979831;0.356520
1.478622;-0.495065
8.951813;11.041810
12.887954;4.577636
-1.658828;2.749523
8.595616;10.287565
9.478531;-2.215426
0.427144;14.594342
9.637024;11.219811
16.276171;-2.319275
2.852921;6.155912
8.818303;15.365864
13.280776;3.141474
3.402184;5.273252
5.078645;10.884189
13.004344;4.332107
-0.243716;1.117676
9.906894;13.482257
8.629516;-1.126147
3.053078;-1.004326
9.712983;9.910295
13.336164;-2.601212
0.877702;5.829957
9.790771;12.673615
9.820697;-3.568358
5.749697;1.628084
8.922759;11.406649
14.570102;-3.492795
0.153221;4.945154
12.975317;11.953485
9.185553;-5.348686
-0.354114;9.328743
3.390211;16.078251
19.165668;-1.296782
1.295503;2.407655
13.818813;11.903625
17.879644;-1.519084
6.433629;3.796139
12.835900;11.769922
12.226075;-1.049981
5.337523;-2.593099
15.288763;12.392667
10.900633;-4.647908
4.163170;3.469240
8.343697;12.505214
12.431740;0.304205
2.641859;-1.068576
17.417507;17.223392
12.574546;-5.829886
3.865521;0.530610
11.774816;14.837861
13.008574;-3.180599
6.031127;8.916849
12.493121;13.994366
6.926927;-1.476465
3.309145;2.878446
11.917365;12.228660
18.128304;-0.622285
0.042717;-3.882987
7.222854;15.848339
12.617805;-1.040233
0.765785;-1.996860
8.362521;11.000610
17.967154;2.459888
1.459650;1.265721
13.831219;8.549884
12.097810;-2.941984
3.348682;7.801327
12.103182;12.974529
13.560511;-0.741618
2.193830;-4.827797
13.351318;15.073673
9.589268;2.252243
4.484307;3.115648
11.143527;12.686376
14.133813;-3.354658
4.120581;11.029823
16.277504;12.466698
13.933166;2.425136
5.983354;-3.070191
7.837306;13.079239
10.274927;-3.924793
-0.178431;4.763294
21.676285;9.639313
8.918262;-2.326839
2.996561;2.034608
9.154202;13.876324
9.105799;-2.354683
3.815215;4.147191
10.229886;13.280408
6.033613;-2.769499
5.437867;-0.588360
12.463428;10.292326
9.727041;0.211352
2.670986;-3.303373
10.109420;11.617928
12.333435;1.432623
0.465145;7.037690
7.022331;8.892291
10.807028;2.375366
1.576275;0.268476
13.363366;8.756581
14.494632;-0.796935
0.012701;4.505197
15.543879;11.840515
14.259783;2.572897
2.159732;-0.242793
11.964059;16.822317
17.050371;-0.782334
2.490559;-0.699973
10.246269;14.717740
16.693962;-6.389697
4.981662;2.483821
18.530499;11.393652
12.653016;0.899456
2.944997;5.439410
7.312041;14.708242
15.713528;-0.377372
2.011968;8.657066
13.886311;6.804517
8.885019;2.671246
3.444131;3.872337
8.730791;12.454928
16.990990;-0.744886
3.912421;0.058529
12.239943;10.701270
12.622740;1.132115
-2.657534;-3.173093
15.237062;12.136965
6.506051;0.707583
-1.918215;0.522111
13.056523;13.300235
11.508043;1.189775
4.554622;8.682421
17.870331;11.913732
13.965939;0.230198
2.524492;16.409626
8.968657;12.380859
7.077818;2.791980
2.902426;2.374556
3.681902;15.369592
12.620499;-2.073414
2.948923;-5.259099
14.788074;9.220908
15.588159;-1.949102
4.032920;-2.486638
9.322348;16.528364
10.740900;-3.441043
4.511370;2.928225
10.706343;15.850033
16.940422;-0.351974
3.213715;3.878762
15.226794;13.893811
13.450413;-0.262248
3.069118;3.025923
10.914392;11.380108
11.791691;1.343014
3.801423;-0.345276
9.137017;11.002959
12.039765;-2.300925
1.522412;5.015863
7.366461;11.541113
10.350330;4.769239
0.653611;0.957968
11.587302;8.777880
3.820454;1.807209
7.948373;2.161974
15.052911;13.697597
15.899815;-0.717764
5.725012;-2.938558
10.375462;12.382212
11.636988;0.438913
3.931876;9.753080
12.646083;10.938694
13.872087;0.217219
6.363248;10.414570
8.840520;10.942752
15.902578;0.819632
-0.583914;1.244989
14.541569;11.805083
11.368271;-1.970549
-2.571303;0.144583
9.612548;17.117718
11.660257;-2.508542
2.849524;-9.729116
19.287605;10.170761
14.547478;-1.682595
6.128307;5.453254
7.417641;12.001095
14.104158;2.470422
6.376535;-2.599446
10.211631;10.378105
11.306916;0.729761
3.533230;-4.696342
12.241126;12.569344
13.753111;0.072611
4.178397;4.603833
12.042732;13.375123
11.093400;-0.246782
6.541545;8.227715
14.860737;13.473576
14.840107;2.773103
1.826419;6.146545
6.888491;10.424088
11.914220;1.401901
2.015451;4.772419
14.617472;10.658345
13.578162;1.910124
4.819212;3.414363
15.358143;13.523355
17.066738;0.011052
4.924939;1.348860
17.501356;7.560516
12.541794;2.658484
-2.835676;0.170259
12.665001;11.056847
14.745029;-0.407930
0.716890;0.504353
15.513697;12.759860
11.882364;-3.303361
-0.096302;8.641003
8.791939;12.429276
10.620356;0.316373
1.805788;5.977728
12.007396;7.631695
10.769662;0.362495
3.896670;5.417100
10.026457;14.155989
13.855455;-0.444106
3.275331;-0.319267
14.347414;14.787266
14.296334;-3.313984
4.403161;1.754943
10.697099;7.959856
10.654776;-2.144022
1.880622;4.479878
4.848750;15.655207
13.064091;0.466628
0.069618;3.429029
8.837258;10.422477
14.442575;0.480358
5.272004;1.226218
19.442936;13.940926
9.375549;0.344261
1.031316;3.773456
12.487046;13.058191
10.519821;2.197342
7.868330;3.091168
10.725649;14.038317
10.523330;-0.250955
4.925048;4.590308
8.202541;7.139832
8.470501;3.239132
5.408664;-1.086810
12.694398;14.591049
7.026679;-0.213373
2.988654;8.433710
9.525849;11.048585
17.047993;0.400868
3.004684;0.470335
3.139006;9.676308
13.103934;1.505025
6.336440;5.952376
11.981902;14.761730
6.039697;0.176606
4.444879;7.812218
9.260161;16.938843
11.550755;1.227724
-0.851824;2.252134
14.351727;16.370890
20.032818;-1.804264
6.189663;7.759322
13.798892;14.986292
9.530564;-3.151483
2.594501;2.836139
7.463053;10.471659
13.220299;1.509520
0.362971;-0.888135
17.676178;10.796803
12.274206;2.103999
-1.691229;0.854680
14.291839;10.815455
16.411692;-1.294142
5.215858;0.099446
14.469136;14.422533
9.911361;1.289514
4.423253;-7.683524
10.829657;12.155423
11.429186;3.924472
4.103319;3.429741
13.630932;13.246352
14.412095;2.235918
4.579620;1.028849
12.660695;9.076569
10.580058;-3.394860
-1.886174;-4.968892
7.636983;12.426198
11.340881;-4.923781
3.945387;8.511644
12.750206;8.011423
7.847978;6.691728
0.838826;6.730841
11.200964;13.113119
16.664108;-1.958279
-1.475168;1.085364
7.523027;13.403350
14.246752;1.185429
-0.612710;-1.728044
11.575536;13.943115
13.115767;1.548545
4.583474;1.401427
11.361623;8.648815
15.695494;-0.315938
4.169930;4.277167
12.408557;11.178741
11.566019;-1.179680
5.493402;5.236051
12.459516;15.688372
10.076180;-0.858789
5.749610;-3.322800
11.428588;10.238236
12.016178;-1.567612
0.995571;3.322153
8.541456;16.638933
12.011695;1.856497
6.306267;0.625491
7.648063;11.130427
5.555229;-3.131564
-0.337195;3.429437
14.382168;14.109558
14.236538;2.791589
1.727571;5.197921
12.897573;8.409880
15.963982;2.460401
4.287249;0.698956
16.518381;11.734664
11.901485;-0.042289
4.249553;9.241713
9.174763;9.399782
15.332445;0.439215
4.595527;-2.207262
8.792850;17.482853
11.053106;1.401315
3.422258;9.111340
14.935186;9.789338
11.418320;-0.420109
6.881341;9.772263
5.599431;12.448336
7.607462;-0.366199
4.710320;6.049978
16.360529;13.543814
10.612907;-4.405972
4.768684;0.705892
6.952601;12.446238
13.001670;0.768692
3.080653;-2.996583
7.045257;11.411085
12.085231;6.814772
7.377056;4.573812
15.186024;11.237095
10.571694;-1.147703
4.537274;5.475169
12.419966;12.064927
14.344997;3.031472
2.874851;5.801063
11.713902;11.883029
11.607992;-1.632531
0.264082;6.231283
12.633695;11.082362
11.292583;-1.162980
-0.761995;-0.446512
11.240729;13.415376
10.115534;2.104068
6.428708;1.814638
10.737293;13.304414
14.666739;-0.205302
6.413248;13.302349
9.534792;13.036169
11.045384;-3.465428
1.432212;4.757215
15.676718;15.237383
10.627080;-0.338803
1.668801;2.683333
11.211224;14.488685
12.262177;0.618017
-0.554667;10.518570
12.762383;15.331169
10.623260;0.179862
-3.295806;-5.341430
15.737079;13.166985
16.118296;-0.710774
2.057858;0.317497
14.561703;12.160647
14.482294;-1.134753
0.129119;-0.526559
12.071947;10.602543
4.234255;0.974203
3.850247;-0.616270
4.072514;11.008783
15.970049;1.288530
-3.320985;0.952920
14.030643;11.525672
13.041154;1.287632
4.231026;3.264836
12.066738;10.598317
12.055206;3.569274
6.433632;3.970294
15.906792;16.277538
11.084423;1.482232
0.529150;-1.123398
11.379089;9.761234
9.394737;2.394319
4.872046;-1.507830
13.815980;12.159452
7.437380;-0.722967
4.443665;2.301832
10.722360;11.731779
8.945643;2.893517
2.010199;0.461884
8.649782;12.981463
9.574642;0.491342
5.962682;4.699819
13.403634;12.316544
15.172934;-2.144725
5.562276;8.509345
13.127915;14.669890
15.415178;0.598624
1.419735;11.097279
14.360712;11.033484
16.750278;3.248738
0.403945;2.131602
12.250482;9.499387
18.086323;-0.743337
4.099699;-2.927926
12.582601;12.793416
10.986931;0.893217
2.602838;-3.560512
11.868604;12.234274
15.438916;1.441259
-1.369687;7.961482
9.531479;5.994452
16.455688;-0.019471
1.521670;4.525799
17.198084;10.838308
10.160249;1.760938
5.580420;-1.632794
16.765976;14.146091
10.101585;0.324265
1.838168;3.326087
8.215138;14.979113
11.331537;-0.890262
3.120138;6.685737
9.199057;9.967893
12.282968;-4.726781
3.567558;3.641638
15.246927;11.159039
14.278688;0.381050
4.351655;5.383567
10.103089;12.322994
14.065991;4.678532
6.197944;1.765267
14.482381;13.033159
13.010095;7.006414
4.157759;2.890614
7.469852;9.777235
10.874690;-3.277224
2.979446;5.180526
14.753268;15.468362
12.556117;-3.092785
5.453455;5.702926
11.433423;14.988433
13.194887;0.554748
0.088409;0.686167
14.561966;15.689684
18.757565;5.785439
3.218523;0.638016
11.685829;12.948153
13.169451;-2.665051
3.952846;8.785036
7.319976;13.123841
14.101262;-4.326433
-0.021198;4.272460
15.416723;14.944876
13.631062;-1.875474
1.638557;1.681062
6.326105;11.663155
15.090983;1.446889
0.953499;4.066544
12.202877;12.016892
12.670823;1.612046
6.476541;0.498225
4.614413;14.760332
14.186384;1.138196
0.410122;-2.681477
10.629921;9.974860
16.971441;-3.617983
0.088888;4.195906
6.723192;12.009468
12.600148;0.491382
6.126896;6.298868
13.060416;10.795774
11.367215;-0.110910
2.961218;-0.123862
10.346777;10.705669
12.784558;0.949277
-0.394533;5.637772
13.600310;9.650422
8.043552;-5.304011
2.326964;11.349617
12.739860;13.433390
14.293282;1.614916
2.628763;-2.435072
9.650626;14.432394
15.236658;-0.009106
2.948896;1.259238
5.817993;14.155765
12.158625;-3.918286
-4.246801;2.590275
8.116995;12.171277
8.688009;-2.429722
3.733889;4.928880
11.527967;9.335502
9.676511;4.425593
6.166950;3.202552
16.545486;11.714893
12.399423;3.348381
3.872970;3.167578
10.750045;11.446677
15.240303;1.334658
1.278365;-1.336229
12.207954;12.003397
11.293265;-1.807999
6.233530;8.619123
12.237669;10.364736
9.919416;2.920188
1.804362;9.785755
12.927038;13.707273
11.179829;5.645338
6.451313;-0.742015
8.498604;11.993870
4.637747;-0.752811
5.374126;3.951584
8.778262;11.024311
13.644732;-1.020899
5.317436;6.719590
13.567904;3.783908
13.909466;-2.010275
3.435309;2.404810
7.146243;9.959911
14.983352;-2.241267
2.393830;8.089641
11.030135;17.126411
7.269954;-2.367805
2.705821;4.331154
13.817566;10.886364
13.544089;3.036711
2.921016;7.568690
13.533478;10.129345
10.042338;-5.671501
2.697953;-2.064135
9.468071;14.199714
14.515320;-0.861304
4.090154;8.112080
15.741827;16.520086
13.640306;0.376627
4.419930;0.598667
16.930519;10.790849
5.459012;2.759721
3.465425;-0.357132
16.063213;12.744195
16.722986;-1.342825
3.766343;1.334559
10.487885;10.865874
12.886701;0.678581
3.873267;6.774499
17.031681;10.960127
17.197147;0.343050
1.472083;13.264644
8.667857;13.456041
16.306479;-3.561892
5.292993;1.930592
10.409214;15.383747
8.988554;5.420026
5.778878;-5.774343
4.655216;15.574259
13.863920;-1.690153
1.810950;5.057865
12.571552;11.576850
19.016394;-4.193163
3.049319;12.296938
10.557986;15.494070
15.063600;4.253652
1.146488;-3.085352
7.241872;13.480623
8.999491;4.037128
2.617842;3.224563
8.793203;13.884504
7.295440;1.714806
8.657450;2.971404
12.059251;11.589609
9.716354;-1.899861
3.319908;6.591305
16.114388;9.136905
11.467379;-0.483490
2.815710;7.720892
11.193358;12.419362
13.443322;-1.904054
0.129172;5.201545
12.884140;11.942952
14.924209;-3.044150
1.838857;-6.157036
6.729119;10.876261
9.701818;0.981756
3.684856;4.241064
9.341428;10.738930
9.033113;-0.020036
3.324969;3.967677
5.568932;13.220323
11.192168;2.358699
4.668124;7.571355
7.788957;12.799468
12.680029;1.660041
4.158951;8.194166
6.877790;15.287050
12.552694;-1.347942
6.484578;10.276332
14.638084;9.104473
13.892447;-4.608968
2.976210;1.139494
15.475960;10.911544
18.083164;-1.215204
3.878369;6.099395
13.499796;15.467060
9.519951;4.683332
7.231412;-1.319161
18.128307;18.823668
12.208075;-3.103906
4.044036;8.161602
18.014503;12.301865
8.785796;-2.131567
4.757242;11.311559
10.227628;12.305204
10.999729;-2.443621
5.214374;5.631349
9.955632;10.865495
13.900566;0.463160
4.308203;11.364597
15.354326;9.780231
4.917918;2.284865
1.765000;1.908373
12.516434;13.529871
10.946993;-4.332535
5.788674;7.384153
13.097211;9.138854
15.224125;3.372860
3.636745;-1.874582
14.256775;10.718236
13.690121;-2.630252
3.836195;3.693472
14.092653;16.430859
17.830252;-3.456776
-1.050041;-0.368369
11.027209;12.849166
8.567617;0.879193
2.816489;4.997085
14.564688;13.104980
13.603861;-3.474403
5.153483;-7.362803
9.344511;12.430333
11.402143;0.567933
-0.371310;-1.077541
11.520011;10.778609
12.263147;2.131288
3.788780;2.530097
12.889464;9.485255
12.837979;0.501378
2.859236;5.958309
18.572859;10.887715
13.141526;-3.001955
4.042235;0.924713
12.360113;12.750134
16.654388;1.562303
4.242043;11.116903
10.021452;9.568443
12.002479;2.431153
5.148609;4.739210
9.260988;9.341245
11.698548;-5.630548
2.497310;-0.654177
11.947906;11.505060
8.471021;-0.611804
2.492212;15.493155
14.236951;10.202484
15.564409;3.556551
2.832810;4.037807
11.042303;12.729601
14.017919;-2.036920
3.658634;2.046151
15.767037;9.096652
10.569619;0.098056
0.726092;0.929374
9.914149;14.086745
9.451406;3.007565
2.198386;5.853076
14.339357;9.666590
10.892909;0.895627
2.733528;-0.000381
13.015321;10.744277
18.035040;-1.047953
3.306204;0.909697
13.210485;7.847634
15.657423;-2.021198
4.384280;4.923755
9.132108;14.373415
7.906829;-0.259232
5.951736;5.365908
13.252041;11.910563
12.465713;0.858548
4.823668;4.556266
10.507985;12.259929
18.165615;0.073148
4.758591;6.992095
9.172823;12.120263
13.006849;-4.920258
0.813040;10.182323
14.580674;11.256307
13.539796;0.533567
5.703445;3.965326
15.713739;4.486761
14.267189;-0.083487
5.175712;7.905784
12.406413;12.939793
12.343071;1.943534
2.525696;-0.782638
12.633143;12.646770
14.122207;1.468989
4.880388;2.921675
6.153287;10.081818
8.197033;-0.196389
8.452302;6.973963
8.160779;8.912915
11.720160;0.080664
0.452672;4.888610
11.678037;11.787041
7.896296;1.112897
1.614030;5.751717
7.585025;12.610251
7.059134;0.084115
1.194968;1.447861
13.440871;11.269757
14.539055;-0.070712
3.791809;4.392469
11.898500;11.535098
8.395388;0.897927
3.384796;4.595205
13.515499;10.372750
15.178038;-0.075685
1.854595;-2.267833
9.881205;15.851974
15.520121;-1.214432
5.850361;0.412762
7.166530;11.973139
12.293808;3.024006
0.992709;-1.832193
10.949401;10.668895
6.523663;0.542247
1.878045;5.439336
11.289912;13.481731
11.486892;-2.842252
7.974924;4.381830
7.850218;12.138634
19.148113;1.750051
2.176077;6.750959
9.671336;14.234626
10.569479;-0.983979
4.078299;-0.083626
14.299126;10.930124
11.666166;-1.184906
4.359667;6.655014
6.613200;11.753794
6.688766;0.479486
1.860183;6.234368
13.910508;12.352633
5.617655;-0.775204
3.826172;-0.846123
3.615547;13.344383
9.963123;1.569682
4.661087;1.671349
9.281506;12.600904
14.099984;-1.687645
9.383502;-1.611197
14.530254;11.687366
8.005833;-3.326469
3.672363;3.684045
11.091187;11.992273
11.641890;-2.628505
1.684397;5.632157
7.604117;9.893991
12.711973;0.110047
6.042202;5.144640
12.048512;11.394224
16.323498;-0.809917
3.939363;-3.678345
13.066683;15.018761
16.655685;1.514357
3.113521;-2.426105
14.973238;13.857220
8.422560;3.272283
4.850323;-4.019647
8.677239;13.767252
12.392996;1.548373
4.382619;-0.917882
8.618675;9.227028
14.919357;2.798157
3.660376;5.576812
7.284292;13.026172
12.671494;-0.293984
1.350083;-1.926849
12.067847;13.689192
12.953756;1.699067
6.911716;1.703947
11.230662;12.973546
11.003685;-1.644613
5.349437;-3.737826
9.807629;12.573522
18.042442;0.349692
3.753047;3.832387
11.012031;9.958624
12.499809;-0.443108
5.864505;4.405262
13.921810;11.044671
13.474229;-1.697849
2.808283;3.961848
10.693228;8.969337
13.020944;-0.360027
4.233895;5.654725
13.453521;6.071013
11.082401;2.303259
6.269185;6.482207
4.503959;10.069780
13.307471;1.182767
0.532399;-0.812891
14.504980;12.390064
7.107751;1.147812
1.424401;-2.217389
13.692101;9.905787
15.139587;-2.478462
5.491361;-0.474224
10.947504;12.716637
12.883400;-3.536579
9.058252;-0.356815
10.826620;11.899610
14.211739;2.616078
3.869869;6.069493
13.417025;11.153490
15.831377;2.071851
6.244665;4.547435
12.008956;9.588861
11.135136;-0.017717
3.833464;-3.677567
12.227147;10.083481
12.099680;1.667285
4.233566;0.450922
11.608298;9.413383
12.233085;2.439264
3.876205;3.103792
15.075489;13.291537
14.749724;-1.263169
0.383340;-0.839410
16.605091;14.659937
15.899595;-2.403014
5.241340;-2.853685
15.450659;10.806420
14.055479;0.598395
1.393056;-2.144190
5.600658;12.380223
13.073146;0.657355
4.878955;1.821815
14.246648;14.450961
15.044785;-1.297670
2.503256;2.315914
8.602623;9.989939
11.807367;-4.405642
4.125140;9.003429
12.296753;11.234521
8.527845;-1.335518
7.683796;7.199379
13.163006;13.295262
12.278535;2.759688
1.838288;-0.523755
12.827043;9.287820
13.940166;-5.193409
1.779383;-0.938720
10.182442;11.385064
6.433272;-2.448651
7.385268;4.670341
13.178310;11.903710
11.487764;-3.035728
1.582719;7.419848
10.451223;11.511411
17.567455;-2.717690
0.982327;0.237499
12.151159;13.407522
11.586066;-1.561976
2.003554;0.140912
8.915367;12.838232
12.761777;-3.489400
2.589769;10.104622
15.330704;11.456728
8.255531;-1.675360
0.052175;6.087070
11.141439;16.437252
15.726435;5.372863
7.352270;-0.422630
11.468731;8.148085
11.593259;0.980821
1.801709;0.572050
11.116638;15.534113
11.673744;-1.274706
1.942415;0.053365
12.447596;13.072532
12.370613;1.243693
6.307695;5.351214
7.524474;9.623567
13.094330;-2.949666
1.301677;0.451328
8.204579;10.968995
14.967559;3.736118
0.995283;4.116372
12.769988;11.579987
9.849386;-0.404950
0.715916;5.311193
15.372682;11.987598
11.852497;1.645959
2.675847;-0.550803
5.458866;12.776198
7.295705;-7.213943
4.279100;-1.696213
9.603687;10.961975
11.166014;1.891616
7.017941;1.594777
13.376353;11.698542
13.575882;2.246846
4.416679;3.598342
8.399500;12.788294
13.248907;-1.993216
2.413266;2.495139
13.315475;10.965328
20.902473;3.259561
5.206322;2.350462
8.932368;7.447263
12.611030;0.435862
0.082144;5.173052
12.527738;13.003433
15.694957;1.037493
4.918283;2.728482
10.358921;12.487171
13.261424;1.829124
-0.183302;1.736116
10.426291;10.952953
8.004580;2.775731
2.882522;-1.559809
17.471807;15.047606
13.944233;-2.107784
5.669289;7.290945
10.542156;13.001982
10.320642;2.336427
2.341858;4.773036
12.167608;14.277186
13.262538;0.065047
3.536336;-0.828235
14.448789;10.927468
14.497709;0.135656
0.820354;4.525350
12.099218;15.724201
9.139452;1.163164
5.849991;3.548575
11.824974;11.692973
12.091981;1.336477
3.228714;1.363180
10.670262;15.530773
12.456288;-0.860738
1.227889;13.481606
11.831414;10.426350
15.220048;-2.969808
3.005967;12.064451
13.802216;13.637673
9.710678;-0.957555
0.963875;1.979330
12.508372;13.297013
10.840726;-5.081782
2.939421;9.122663
10.210202;15.348684
11.103182;-3.700829
-0.211296;6.121408
12.818870;14.506807
11.924592;0.936560
6.057234;5.590444
8.875213;11.616824
8.877874;0.324275
1.325072;7.549206
10.629955;10.527758
14.026726;-0.643603
6.152594;-0.970863
14.947545;14.264097
10.738112;1.381503
2.771775;-5.352618
6.525199;9.926371
16.621513;-4.002294
1.636140;-7.024369
16.070606;12.735119
9.590074;0.964006
0.916100;0.503824
11.158072;12.718835
10.264793;2.334939
4.309458;6.505858
17.468143;15.209919
10.753471;2.472877
2.560014;-0.648690
13.048427;11.116365
16.816696;5.712272
2.769341;-2.009960
14.868991;14.331819
14.208978;0.452762
1.357800;8.447193
12.915456;11.642905
11.906610;4.270504
3.742143;5.983287
9.434165;11.232548
14.586613;2.863997
2.949316;10.415648
15.038258;15.038975
15.933823;0.041745
1.819178;6.703201
12.684161;10.261352
9.297768;-0.685055
6.612503;9.293768
9.198289;8.912693
15.388548;1.435650
2.585300;-0.661461
11.222321;14.065175
14.208858;0.855950
5.813561;1.330734
16.673725;8.825425
12.744708;1.565738
2.133553;3.442398
11.201033;9.833469
13.402770;-1.198694
-0.686097;5.470521
12.022065;13.491152
12.653873;-4.881269
2.628113;7.521966
9.438538;11.319821
14.829662;2.399792
0.237315;5.306539
11.217747;13.845366
12.258284;-0.582749
5.320710;1.411411
12.904882;10.383396
12.812084;-1.857979
5.516461;2.282281
12.862025;10.218518
11.685420;0.022201
4.782366;-3.562057
10.461537;9.768338
11.219356;-0.012936
4.734753;2.850318
9.326491;12.494009
16.132324;-0.541714
3.941716;3.046933
18.605480;14.722445
13.053384;1.467867
1.044411;0.917873
11.935542;12.455750
8.259501;3.353347
1.681444;6.096423
11.149405;13.205799
14.273256;0.490795
2.986549;0.354117
17.413830;13.944639
12.589184;-2.498294
4.954217;7.795388
12.583028;8.601290
14.184549;-1.422265
5.976768;10.048729
13.638292;7.765847
15.271727;0.356910
2.278929;1.399691
11.357781;11.017221
13.091249;-0.858767
2.694718;2.259958
15.581282;7.753101
10.508953;-1.828387
5.407422;5.008751
13.385421;12.348641
9.567690;1.861280
7.466314;3.317164
15.958210;15.160013
9.637752;1.075308
1.428146;4.074834
14.173820;15.405748
14.666655;3.153512
1.584882;-6.055866
9.547983;9.684385
15.013323;0.270472
4.092159;-0.303974
12.144856;11.684710
13.497958;0.537725
3.385503;-1.097185
12.603032;12.543573
9.536497;-2.884269
-2.307291;2.427120
11.836339;13.832125
13.245478;2.288121
2.702280;5.108912
7.595058;13.804186
12.863258;-0.020063
8.292732;4.370337
11.102930;10.828480
11.838187;-3.827513
1.709074;3.023673
13.555457;8.935212
14.637607;-1.036376
-0.385921;11.025592
10.066801;9.985432
12.551950;-4.048007
-2.093857;9.204818
8.078178;16.948467
9.186043;0.487477
2.269451;0.005486
16.395449;12.867668
13.221419;-1.043151
4.382337;0.984496
11.014060;9.619821
13.380988;0.647833
5.638361;1.808996
13.180066;15.723004
16.374443;-1.522357
-1.913448;3.114741
13.599608;10.591406
7.385540;3.500644
2.105859;3.851756
11.104866;12.070025
9.921509;5.009511
4.437543;8.194201
14.753860;13.567077
16.623209;3.759590
2.272112;4.511334
12.883698;17.152611
11.634592;3.282192
0.892958;2.226881
10.195951;12.700204
13.720028;2.641000
3.654233;-4.609679
16.506336;13.153809
11.769086;0.038745
0.332612;-0.089748
13.245890;9.694404
9.530197;-2.498616
4.367485;10.697306
18.013737;12.326833
10.001959;-0.062127
2.693186;1.399813
13.080565;11.482148
8.348294;0.101641
4.084912;5.686892
8.783767;9.678012
8.161740;-4.292513
2.578656;7.061213
13.589588;11.002868
15.942688;1.736108
3.710619;1.129006
11.604651;12.783268
6.069722;-4.081752
4.246378;4.284757
12.944916;11.572921
10.059393;-3.906780
6.843554;5.406552
14.669506;13.905515
12.228674;-0.502015
3.843812;-0.061627
9.073637;16.976067
6.970662;-1.630146
3.688557;4.653006
6.895467;12.762114
17.500313;0.415037
5.054805;4.077908
15.974621;11.890637
11.651110;-0.188153
4.712179;3.563685
13.324138;7.818974
12.745818;-1.521147
2.858352;-0.272225
14.429778;11.687420
13.262019;-1.119624
-0.851127;11.710265
13.760141;11.255890
10.087196;3.558663
3.937793;2.578478
14.560141;17.904747
9.410174;-1.104063
2.350695;2.396147
12.919646;15.276310
17.077248;3.038932
3.637301;-4.983122
14.087639;14.251722
12.592002;1.291564
6.189103;4.625589
11.670751;10.502006
9.886700;1.489127
4.099721;0.112619
10.544032;12.295611
11.464793;1.052927
3.108162;1.193285
12.378787;13.109196
14.119240;0.773823
4.188737;-1.751295
6.620739;12.338320
14.522843;0.364936
0.414234;-7.126647
9.613077;9.274838
13.336276;-5.158422
5.578085;-2.763258
13.565025;16.511459
13.084817;0.670642
1.630428;-0.894858
9.154926;13.703768
13.655563;0.441232
3.727350;7.997863
10.272392;12.123983
15.416179;0.047398
7.816702;4.024792
10.694366;8.630591
14.297718;4.711038
1.592146;1.644806
10.510028;13.747437
15.002049;-0.993337
-0.948955;7.883145
13.508942;10.244658
11.538480;1.185190
1.507447;7.224412
12.369710;13.512211
9.196946;0.174640
3.506914;3.549587
11.046936;10.426672
14.835197;-2.020882
2.270612;-0.665279
8.808649;12.905539
13.187423;-1.061804
4.041931;-1.614728
16.320084;13.400605
13.924736;-0.591114
6.691951;-1.762294
13.433430;11.930320
16.075918;0.414573
2.005365;3.172993
9.930724;12.004552
9.811420;-0.922401
2.628561;-5.198606
18.888271;11.045712
14.327454;1.815581
2.927659;-4.517832
8.413773;12.331554
10.546288;0.065313
3.786117;8.004834
13.108028;10.101358
11.901829;4.204698
-0.481740;1.051051
13.369294;9.839980
10.736057;1.266633
7.245460;4.327456
14.048689;10.091408
7.406628;0.105892
1.931307;6.255137
13.630446;14.613669
8.629746;0.629915
3.102437;2.864935
11.379243;14.719270
14.709159;-2.232355
5.123252;-0.708755
13.562017;10.645968
12.433115;-0.843570
-0.553243;-3.047522
9.344498;14.643911
15.585747;1.218836
8.031404;2.069093
12.343009;10.577048
12.898621;2.764400
8.372780;7.308394
12.263593;13.812747
11.073636;-1.990538
3.699690;1.335212
13.863828;15.381742
11.206747;3.138677
3.711117;-4.794807
14.919619;7.866555
7.065045;0.753983
3.369824;10.022367
10.272701;15.878248
11.825218;-0.154445
3.096762;8.480837
8.332914;8.638030
21.000202;1.274525
-0.667716;4.287810
11.731885;13.904525
14.070010;1.228022
2.167624;-0.759139
9.393964;11.261071
16.987469;3.150731
4.504176;3.523339
13.690882;15.344423
10.712644;0.097265
6.501173;0.116237
9.869541;15.965356
10.691282;1.612233
5.703112;0.355502
16.342676;10.648534
13.598506;-0.181550
4.226014;3.232080
9.850922;15.412794
12.115142;-2.027872
4.815943;5.117164
10.995286;14.961998
11.670945;0.196801
4.522913;-1.916664
12.733207;11.433321
9.371431;-5.340390
1.633646;2.812209
14.294525;10.970366
12.975981;2.309696
-0.836277;-0.275732
9.370709;11.702170
11.828248;2.130046
3.762541;1.087526
11.377892;12.835702
11.712273;-5.287339
6.410442;4.343195
9.326343;12.270844
17.977570;-1.195145
5.750310;-3.625645
13.903734;9.690301
6.747632;0.607252
3.374186;5.828355
11.372710;13.867227
16.516771;0.687638
3.453650;-1.947666
7.603800;15.952192
12.293564;0.151755
1.619961;4.388402
12.479721;12.322851
11.021796;-1.248470
-0.165313;7.376890
9.303634;9.211657
17.487366;1.399784
5.424821;10.114377
11.639656;9.852798
13.463133;-0.397881
-0.792388;2.888800
12.683296;13.424599
9.988274;-0.790118
2.629833;5.899610
11.668411;12.717402
11.204972;2.256351
4.503056;11.909567
10.431913;12.876900
12.781742;-4.037241
3.213920;6.844265
10.239646;10.729499
12.160640;-1.716174
1.629607;-2.684061
7.191054;11.202752
11.501215;-0.744554
3.949079;4.911190
8.875940;10.559464
14.008386;0.914074
3.293390;1.131284
11.841150;11.486258
16.786392;2.317475
4.249387;-2.167214
9.530113;12.157441
12.553297;0.403559
3.233646;1.957465
13.405933;14.198731
7.409785;0.055118
1.122587;-0.905062
13.217750;12.623769
14.761581;-1.520451
1.671112;5.116016
8.458982;11.892007
11.416731;-2.430050
3.099907;3.704737
5.859336;13.792375
14.645682;-0.380085
3.144451;2.455502
12.829934;15.134369
16.672457;-1.248904
2.950554;2.575185
8.795852;12.641721
16.966446;0.118186
5.207626;4.034265
10.829403;15.932955
7.580320;-4.473671
-0.173329;-2.802542
14.201416;11.678472
13.092373;-1.546026
3.523643;4.460144
16.793648;11.236979
9.769581;-0.392419
2.902872;2.835912
8.458162;14.248495
16.894815;-3.592811
4.252000;-0.102702
11.343884;11.655994
17.544847;-5.693942
1.281726;9.271151
13.168975;12.284353
11.056481;-1.156259
0.713936;-5.220067
17.156147;15.323784
16.551464;0.360339
0.860649;3.784078
15.988048;12.647723
16.139870;1.978924
3.535726;8.703344
12.911478;15.757924
14.402191;4.358350
0.450797;8.309666
12.624827;9.361831
11.595449;-1.905772
4.977423;10.735985
11.219943;13.290071
18.712425;-0.610463
6.526120;8.635290
20.007626;10.772019
13.058576;-2.303416
2.284130;10.262217
15.100794;12.473181
11.345627;2.904938
6.490799;5.889828
12.077037;11.191721
4.910866;2.431491
6.933639;2.107520
16.609852;12.863190
16.549227;-2.854728
2.492665;0.577648
10.762518;12.518243
9.840287;1.155747
4.869193;1.708383
8.995044;13.895981
12.217640;-0.079215
0.732041;-0.870652
9.228482;15.103848
9.108609;-2.747364
1.684733;1.461324
8.281368;13.704888
8.979851;3.854217
4.296105;2.744509
10.101631;12.546483
14.098092;1.626826
4.895929;0.496077
9.910410;11.982062
7.703944;-0.038227
2.594502;4.989045
13.228801;12.870480
12.961482;-2.367081
-0.025246;-1.163106
18.125874;11.571068
13.821697;2.274102
3.268861;10.558691
11.699346;9.472054
11.731597;-0.375443
6.264009;7.403215
15.069326;10.555471
9.202712;1.454406
-0.180079;-2.893589
10.201310;10.745107
12.545958;1.278289
7.509215;-3.320399
13.400869;11.232774
15.429646;3.918210
4.826591;0.434464
14.652784;11.979218
11.220230;-0.357604
3.233794;-0.389735
6.377800;9.979254
9.130398;-2.056799
3.460714;-3.291522
18.912136;11.677647
8.854309;-1.807877
2.105510;-3.160612
13.138562;12.878435
16.458870;-0.515065
3.605790;3.651921
14.006478;13.742424
16.820873;-4.802032
3.788787;-1.266677
9.179724;12.863742
11.252765;-2.813123
0.548535;-2.801713
12.834340;10.028387
14.755355;0.432062
0.654616;11.107105
8.748951;13.687534
14.213684;-3.296496
4.840261;7.764954
6.900962;12.580670
11.362386;-0.148673
1.032232;10.166542
9.872004;10.535571
18.668036;-0.227383
4.769128;5.667703
15.151545;10.238554
10.034653;-1.670392
8.298063;6.903899
11.757458;14.179299
10.301683;4.853723
1.245291;2.220984
11.685009;11.599168
12.137723;-0.814047
3.361308;-3.198217
7.924071;12.588181
16.150732;-4.253067
5.150917;-1.123697
7.210508;8.395769
16.361061;2.662361
5.574951;4.602484
13.432869;12.171350
11.822164;-0.424118
3.516333;3.048693
11.717558;13.003431
13.768721;0.168464
-0.183387;-2.662477
11.442603;12.555165
7.168102;1.064158
4.399227;6.285777
12.102140;12.843760
10.340240;0.526484
5.600292;-2.314838
14.202557;11.172807
13.893009;1.546815
-0.593880;8.002290
12.903811;10.492486
12.646033;1.315169
2.147849;-1.131695
12.636245;12.281323
12.613416;1.332982
1.230919;8.437555
14.092461;14.868393
13.445681;0.104621
0.756728;4.739023
10.453290;11.788689
7.088645;2.750459
1.932089;-2.448496
13.004082;13.984195
11.753293;-1.403884
3.314743;6.564587
8.374978;13.785291
10.760732;-0.705473
2.515092;6.540269
15.756048;12.914777
13.570237;2.151947
0.826697;5.094327
7.768000;15.342298
11.971920;-3.294001
4.505531;1.827113
12.802919;16.288948
12.386383;-0.393903
0.172110;0.594004
11.894797;13.850729
14.010311;-2.120755
4.834760;5.289857
7.704127;10.561177
9.715422;-1.370397
2.515133;5.211525
10.281935;13.681517
14.739645;5.437622
2.519970;2.851789
9.150621;12.946622
15.705956;-2.048447
0.128319;1.874933
12.145724;14.054901
8.524651;-3.166443
1.941496;4.576583
14.260666;14.645889
8.701130;0.384096
4.593859;0.514484
12.014400;9.190110
11.315314;-3.134670
1.357044;8.593685
10.277802;10.287207
12.972701;1.441867
-0.411789;4.536473
10.855993;8.991117
15.361458;-0.431268
3.846990;-2.739414
12.643842;10.995536
18.973707;-4.077936
5.022543;5.168347
11.667877;13.168797
14.788225;-1.887194
2.902020;6.387078
11.666271;13.079079
10.508161;-1.096964
5.859698;4.985983
10.716528;8.230957
13.459842;2.188545
3.144004;-1.172498
10.736227;10.013546
15.713699;-0.469746
6.481601;5.219815
12.481061;13.746336
15.664307;-2.929435
0.761472;4.156531
8.884811;11.031022
13.076640;3.275605
3.232945;-1.748754
8.616872;6.917637
12.362977;0.678966
-0.351929;6.705847
14.725712;10.005054
7.304564;0.718153
0.487074;2.772726
17.108656;7.802957
7.593188;2.105967
0.802834;4.555884
12.362858;9.210140
13.651185;-0.105335
0.111422;-5.202999
6.322639;11.401115
11.897392;1.374000
0.679816;-2.737671
11.063577;12.497322
14.511923;-0.717217
0.467575;0.639293
14.631279;14.491063
9.981224;1.001886
4.288761;-0.042743
8.798636;15.690222
9.532429;2.253541
5.756679;0.750308
10.005219;17.269569
17.785156;-1.741197
4.056913;0.908023
9.683122;11.050017
15.626844;-3.390873
2.752250;0.341229
7.288639;9.647584
18.314426;-2.016389
2.994269;3.720579
7.846095;12.915999
12.451192;-3.520547
3.114789;1.268466
15.879324;12.038317
9.382725;-10.024088
2.192382;2.154783
10.065175;13.847963
13.003766;-0.968552
4.960465;-2.561058
20.192242;14.656653
10.592461;4.062907
1.830407;6.725924
11.273689;10.197540
11.939360;-6.545421
2.570445;0.198123
14.512732;11.611137
13.271022;-1.115448
1.424786;12.595915
9.782195;16.007439
13.347356;3.662479
4.217112;2.717708
7.714250;14.694736
11.647161;1.722397
1.445645;4.503070
12.906958;13.468513
17.536777;0.595699
4.363146;4.863485
11.792347;10.408117
12.539937;3.781116
1.496999;0.370756
13.408847;12.380902
10.438635;-2.879996
6.104207;0.796386
5.066124;11.329603
15.252066;1.750649
4.277639;2.850065
10.128719;11.203554
12.137644;4.748113
0.742307;4.237426
12.770396;15.056326
13.338348;0.233515
3.508617;-1.048345
6.537841;7.768635
9.628538;0.011874
2.186560;9.369734
15.540693;10.847364
11.332978;2.207456
4.232438;-1.178067
17.708000;12.231094
11.319169;0.318399
1.967009;1.233387
10.150986;10.512720
11.741832;-4.462477
3.335305;-1.628438
11.522534;10.765392
14.431787;0.878229
0.226866;7.615900
15.504623;11.633516
17.205627;2.897703
0.083777;-2.097770
6.251513;9.788721
11.382941;-1.414568
1.820652;0.338900
13.190081;9.578477
13.263419;-4.568118
3.921861;6.144415
13.281181;11.925756
9.626373;0.646075
2.488278;1.929127
14.835774;8.642236
12.708710;0.564787
2.253405;-4.742839
11.320518;12.552203
6.875992;2.546474
6.524171;4.432247
16.260841;15.926298
19.784210;0.347566
3.304472;1.003036
11.393143;9.921571
11.176785;0.616777
4.631273;1.634913
9.110952;13.264708
15.276808;-1.368313
2.570232;-2.273962
14.161045;13.413257
11.813020;0.708221
5.795231;1.801950
14.325059;14.010054
11.194854;4.311611
1.034257;9.991573
6.440045;12.274165
9.652351;3.315619
2.561592;13.445093
11.714796;14.395123
3.382113;3.873755
3.724557;-0.011795
11.624027;11.270006
18.041035;-0.970506
5.821628;-1.885413
13.761582;17.667559
12.467220;-7.843341
5.590334;-1.196179
8.453656;14.305707
8.565825;-3.861010
-0.869998;2.651651
8.785482;13.707759
11.094119;1.552157
1.598247;3.178967
7.017045;11.207897
6.339799;4.750104
1.913920;0.919804
18.413548;11.795517
12.694409;3.482861
4.803521;4.853365
12.045690;16.569363
9.465616;1.433522
5.176573;-5.818800
6.925350;10.192593
13.968618;1.620987
3.362971;-0.802098
14.015156;12.496858
12.947504;3.637776
2.582014;8.939176
11.285640;13.661915
7.672680;2.444352
2.850683;3.997504
11.231944;10.849813
9.688553;-0.750426
6.300062;5.618260
13.920143;9.824203
11.481072;1.055214
-0.386626;-3.710192
9.579203;12.760185
18.967020;-1.236914
5.392958;-4.236740
15.065660;13.304265
8.764467;0.317698
2.794385;-7.540434
14.557643;13.320986
15.618373;-3.812558
4.881737;7.092521
11.766525;12.280078
15.017852;1.272434
2.393985;7.114424
11.756144;14.509489
10.674721;-4.978518
3.767061;8.266384
12.398867;11.291144
12.590056;0.045550
1.857743;3.758539
11.561626;6.915947
16.179134;-0.408243
1.748891;6.550056
12.703808;9.919067
11.168242;1.781925
1.789946;7.494313
17.039862;8.646218
13.737442;-2.686213
7.200443;4.545550
9.038774;15.349195
17.801487;-0.665956
0.802301;-0.465562
7.823650;9.769356
11.214991;0.730127
2.818715;4.412626
13.060680;11.515982
11.101707;3.496174
2.477072;-0.700228
11.689526;9.323364
13.775904;-2.193539
3.798639;8.464405
9.209145;7.152007
15.920851;-0.816691
3.608848;5.786468
4.737699;11.520721
7.863319;1.449940
-2.685045;4.878775
14.098156;15.299584
6.958923;-0.536949
0.588589;7.622176
14.223326;14.160740
18.046730;1.118591
5.061855;4.923680
11.928643;12.879454
11.605289;0.795242
11.362097;5.743082
10.274097;12.600812
11.674191;0.299540
2.461055;3.085551
10.339291;13.296166
1.966930;-2.032358
4.137816;0.651052
13.358986;10.075013
11.633253;1.135746
3.896847;3.441462
11.302348;10.958408
14.591578;-0.506443
0.938699;8.605679
11.691818;14.273940
7.676978;1.666611
1.859654;8.841328
9.703574;15.978760
13.139548;-1.812302
2.888743;3.499602
12.470090;14.904346
12.687304;-2.528569
7.605738;11.669649
6.997843;15.824442
8.957820;-2.827103
3.322222;6.159766
8.022146;10.782394
12.141967;-2.375371
0.998263;-1.690545
9.640590;15.331604
12.027528;-2.947941
3.917553;8.077596
9.942643;14.279284
15.458303;-0.888432
2.753564;0.493042
7.995051;12.368799
10.797319;-2.025656
5.814640;15.696175
13.685756;13.869319
10.761917;-2.378141
5.494175;-3.958894
12.898134;13.234752
19.108727;-0.048198
2.741952;4.541666
10.306701;12.971764
16.373177;-0.201575
-2.036045;5.925638
9.636303;14.908176
15.742664;0.295514
4.648274;7.186455
7.272714;9.874934
6.432439;-2.159368
5.190343;4.936974
11.821171;10.711051
15.198463;-2.178559
4.670788;5.941867
14.375866;12.028752
13.344594;-0.710457
7.269191;-0.793252
10.359406;14.497582
12.650265;2.292757
6.613918;2.940619
13.029537;12.576010
5.252295;-1.203896
5.169806;10.597141
9.509175;13.512840
2.077162;0.538601
0.429888;0.524847
10.731468;14.386135
12.068100;-2.838029
4.852175;9.770520
12.661336;9.665592
15.771797;-1.436654
5.714132;-8.090298
15.516177;13.086369
8.821829;1.153023
3.269937;4.590308
11.362675;8.756706
12.530228;-3.048530
2.423579;-3.923519
17.153393;13.635159
13.517605;-1.026374
5.987236;7.617569
10.270591;12.736761
10.317760;-5.055907
1.819827;3.865964
14.403858;13.393154
14.338490;0.984646
2.508809;-7.872181
8.279462;14.465524
9.248896;1.185067
1.710768;11.596355
9.275045;10.417723
13.580008;-0.811557
5.841718;9.126785
15.212814;13.551282
11.060036;-3.895994
2.148138;-3.799521
15.007557;16.228437
11.705086;-0.484131
2.199749;-2.374511
11.261153;11.633008
11.264024;-2.736449
2.188469;-9.634252
11.379875;13.300149
12.626795;0.473892
3.672996;4.930006
10.046750;11.584044
12.534438;0.947971
3.917971;1.687286
11.493441;11.239507
11.829226;-0.639285
6.930174;-4.994885
11.674316;11.047343
10.697191;1.145610
4.609354;7.646480
15.210171;9.723703
7.685735;-1.913292
4.083254;4.613443
9.191013;16.394758
7.904781;5.558075
3.402859;2.180342
8.364775;12.012134
16.001801;-3.286288
4.400090;1.951707
14.094932;14.482995
14.382926;-3.276053
-1.277480;-3.878494
7.026618;10.735947
17.590441;0.872354
2.190274;3.610212
13.867914;14.398891
14.121825;-2.327126
6.534111;-0.181013
15.629336;10.624406
10.030065;3.220006
2.761304;0.892451
12.211074;13.360487
8.478785;-3.084655
0.079711;3.650139
15.920089;12.618922
15.485710;2.339148
2.126432;5.365056
9.815028;13.953309
13.970457;1.484178
0.958609;-5.602846
11.391601;11.064180
15.358620;0.429274
2.418341;-0.449937
11.388463;14.690485
14.736738;-3.014614
3.391913;-1.242812
15.523558;11.334513
11.704207;-1.618626
4.926093;6.822611
10.976749;12.796343
15.004265;0.708896
3.577594;0.818945
6.947934;12.622899
13.266055;0.215258
3.509230;10.124022
11.048592;12.613850
7.897643;3.137192
-0.444140;-2.027946
13.578728;14.671904
16.042995;1.035559
0.698885;2.043323
7.624768;12.990188
12.869060;0.332060
5.760151;0.391714
11.392708;11.145431
15.329805;-2.138265
0.905941;-2.454819
8.246389;12.519597
17.203466;-5.585706
2.757276;0.056316
8.101129;10.100974
14.934282;-2.895347
3.184592;-4.931425
9.744097;10.377336
12.340820;0.124379
3.479338;2.051097
3.515324;10.101295
11.275908;-1.030454
0.027843;3.655012
12.535348;17.502401
18.907495;1.195719
5.825276;-2.705737
14.688037;12.279599
13.011949;1.091935
5.691810;1.130334
12.165081;10.901857
12.197894;-2.040982
4.507203;2.096766
14.033023;12.760763
10.801796;1.412141
2.186124;8.435463
11.086886;11.319525
11.859620;-1.226837
10.062077;-5.959667
12.952967;11.876229
12.233617;1.984925
1.717390;3.954240
13.846704;13.740598
15.453121;0.159007
0.681355;-2.471852
9.189138;9.478767
13.275662;0.527906
4.782574;2.620209
10.699919;14.743278
13.926068;1.794179
1.983603;1.227213
11.280585;15.945311
10.568754;-4.171473
0.818899;2.535132
14.361750;12.795129
12.457581;-0.264236
3.822938;1.491348
8.864028;12.860918
13.422697;1.408733
3.844642;-0.090923
13.987295;12.841410
13.466897;4.052977
5.670533;1.631459
10.890152;8.094386
15.504749;-3.161225
3.633870;8.270733
12.923054;11.963101
17.525826;-5.226600
3.441309;1.000034
14.094043;14.883146
19.052963;0.059001
3.564177;3.161801
12.536748;9.581281
13.335503;-0.166389
3.476211;5.422419
14.059146;10.521246
10.547878;1.718579
1.049512;-4.352198
12.360112;13.751743
10.204916;1.797058
0.271457;10.293124
11.339683;13.303870
14.308811;-3.741573
2.266015;9.665065
14.843765;11.224178
7.549358;0.450084
4.239034;6.758174
12.977883;11.922691
14.000359;1.721675
-0.430207;7.885499
9.580099;13.476359
13.603109;-5.186038
5.787454;2.954616
4.906860;13.064481
10.808142;-0.611649
-0.254837;-1.462552
7.929489;14.336735
12.647213;-2.579993
6.457820;-0.454386
10.910614;8.778596
11.977172;1.593877
2.862113;1.561730
9.380495;11.741508
7.442323;-2.858845
6.236728;5.906735
12.978434;12.874289
16.221416;3.096139
6.630514;7.221001
10.265375;14.354007
8.955315;3.617023
2.408649;-1.371140
7.713796;14.821878
12.463720;-1.410116
2.182388;-5.340956
11.018617;12.586144
14.240872;-0.836869
5.586005;4.971218
10.639043;12.568190
11.558391;-1.139902
1.426926;2.252515
6.997556;9.352883
9.973647;0.355375
8.060414;1.273979
11.891412;13.068821
10.122876;2.872709
-0.861073;5.084947
9.640390;11.378316
15.217546;-2.593465
2.303706;7.055155
12.292328;8.250038
9.873886;0.949927
2.524973;2.015947
12.445772;12.269345
10.161842;2.806890
2.207454;1.939167
11.092481;10.948172
12.271328;-0.621698
0.801003;1.429112
11.831216;10.791176
11.471711;0.682831
-0.760428;-2.497589
9.262495;15.130019
8.897932;2.567282
5.725483;8.884892
9.899869;13.486852
9.287956;-1.671553
3.230551;6.995687
10.063585;10.822530
10.499172;4.111801
3.277198;-2.406020
13.675301;14.043396
11.177790;1.142119
4.855512;4.135633
12.803141;12.839538
15.971124;-0.446684
5.860827;1.292156
14.026237;12.200458
11.846551;-0.658393
1.443679;8.469324
14.266619;14.396636
12.997086;0.240836
4.989905;3.464479
15.513767;13.636108
11.825794;0.901400
1.959081;-5.475889
13.434280;9.024640
17.429182;3.741430
2.908231;1.858826
12.511504;12.027068
11.618492;1.817062
7.196847;7.432459
10.221069;11.863245
9.117842;0.491270
6.149044;1.886834
5.190084;12.337117
16.240089;2.261981
5.669887;-3.547647
11.113605;10.613098
18.040180;1.783794
3.637403;6.636542
10.666901;11.846384
11.764133;0.353606
0.481997;2.399973
14.848572;10.866795
20.803808;2.838873
2.163612;6.363941
12.164166;11.518854
16.120270;2.706378
2.340868;2.034621
12.063455;13.080117
17.405460;-2.825525
4.153423;2.364470
16.307447;10.823771
10.368774;-1.179010
5.586932;9.448575
10.604319;10.226309
12.019178;2.590113
3.960555;1.352459
10.852247;9.641102
11.661562;-2.538463
4.526923;8.109005
18.822653;15.562280
13.972933;1.122220
-1.358547;3.417028
15.633284;12.115153
12.378623;-3.697300
2.135792;9.531596
8.234690;12.084708
10.548027;2.006740
3.479921;4.311535
8.644271;13.192543
16.447151;4.492168
2.854344;1.298538
9.750933;12.174049
13.366099;-1.784975
6.290611;4.789889
9.590633;12.290076
9.251764;-0.823392
1.074507;10.088670
10.797080;12.592616
14.264272;-0.732493
-0.708285;-4.105588
10.285288;11.664059
7.758048;-2.254485
-2.335821;0.049337
7.972923;14.212533
13.348874;2.735784
8.259563;-0.133953
8.971033;11.271353
12.620438;5.705852
3.899272;15.141049
12.904289;12.961620
17.473621;1.789975
5.231561;-0.742145
11.212357;11.813511
8.539337;2.091975
1.984695;6.814009
10.360572;11.413381
15.319448;1.160602
6.585382;-1.415823
7.340051;12.407871
15.521153;-1.622742
4.202842;7.661073
9.436449;11.783357
12.999940;-4.589408
0.442348;-1.038418
9.720877;14.597311
17.471756;4.261831
-1.061051;-2.326491
11.617077;12.153960
8.233788;2.082430
3.479907;9.036628
9.316446;16.373375
10.971151;0.293330
2.249595;5.417905
11.487325;11.772590
10.796577;-1.947701
5.445465;-3.362042
10.049124;9.425137
14.125969;-1.772634
3.292515;-0.764660
12.050461;11.448214
11.074728;-1.553089
4.283442;5.135685
11.587085;11.367020
11.058652;5.729319
-2.282458;-3.535887
11.521399;13.291739
7.640360;-4.843571
4.592971;-2.362928
3.204058;9.285165
9.418446;-0.778813
3.482340;3.501208
8.192196;10.195915
12.791758;-1.584833
2.478601;1.948593
10.077714;14.563379
12.368107;1.268788
-0.158266;0.917779
8.358166;14.077192
14.008449;0.858439
5.330449;-3.612854
11.475381;13.328351
11.104818;2.802121
2.869007;4.043987
10.387034;9.232563
17.414330;1.783622
6.277038;-3.874338
13.084442;15.307234
12.219922;-0.599041
0.431306;10.931246
16.119331;13.524145
14.075939;2.817043
7.177129;3.782978
9.843966;17.633167
12.409175;0.389662
2.925103;1.584182
10.743234;12.077981
11.180949;-2.541630
4.350809;2.813888
14.485600;10.359632
12.349420;-3.860526
0.474100;-3.921264
5.358789;15.015345
10.170281;0.471549
4.952169;5.878130
13.335262;10.165969
8.439847;4.701420
2.532959;0.976566
10.319690;11.354693
13.326654;1.160938
-0.428098;3.456155
15.832751;14.641230
16.968973;0.578478
6.471389;4.789702
10.603492;8.438207
10.650352;2.831315
3.063168;4.733087
12.787495;8.958164
10.280211;3.404117
1.715111;-2.249181
9.518745;11.494616
9.331146;-5.760039
2.247043;0.853502
9.138710;14.913681
7.355507;0.525891
0.210773;3.061153
9.778818;12.100288
11.189987;1.162426
6.653353;5.190505
6.245275;16.413177
11.213216;0.281285
6.547313;2.930509
14.579918;10.033760
12.926949;0.274017
3.439774;6.815585
12.655552;10.652698
9.981272;-1.513864
6.130437;4.617882
5.257059;10.326971
6.833574;-0.550959
2.079247;4.148158
11.492774;11.428333
10.266593;0.111841
4.125530;-2.584026
17.895763;14.104242
7.695062;-0.486837
0.477301;-0.396959
17.569777;13.184727
11.976031;5.146322
4.132476;-1.053111
9.651875;11.146177
12.762382;3.544554
5.121227;-3.903014
4.781154;11.458132
13.984087;4.101018
4.325012;2.426483
10.215714;14.701222
12.817647;0.686973
2.976433;12.693445
14.322400;12.704763
14.678462;-2.675866
2.719501;7.816732
9.239473;7.394420
17.608269;1.269442
-0.321894;3.661876
11.589435;11.266999
13.040728;-5.290378
7.167993;-0.209579
14.892757;14.310735
14.460772;-6.405092
3.732126;7.024744
9.547054;12.659347
15.706572;3.021569
3.473969;4.090499
12.817608;12.275677
8.878104;-2.201216
0.687503;0.432664
9.455469;13.632456
13.320522;-0.869935
4.082314;8.007818
12.545835;10.515063
11.543632;1.651265
0.591338;4.092691
10.566723;13.565904
12.465140;2.683351
0.928923;7.507348
17.939129;9.959085
17.322355;5.656229
4.130600;-1.950107
15.167356;8.097283
12.526758;1.614560
5.639007;-1.163650
12.488497;16.595943
10.737597;-1.968282
6.451941;-5.494190
13.304648;15.099998
11.367472;-1.603357
7.660440;-7.262536
12.655651;13.334455
9.914936;1.600061
4.446565;-3.387008
11.690767;13.264565
14.030440;2.365171
4.078320;-2.127599
9.618013;15.969642
10.785499;-4.908852
-0.407131;4.458897
13.333572;13.857345
8.544703;-3.774297
1.005221;8.285522
7.939445;9.484670
11.994061;-3.650342
2.211416;7.972412
12.700454;14.833200
11.153112;-0.464760
-1.455440;5.773687
12.610438;12.669230
14.009575;2.014586
7.639939;-0.087034
12.711668;8.127999
12.452028;1.844642
2.076599;4.383612
12.749458;11.362345
15.928513;-0.819715
1.567782;-0.474985
17.427832;13.612266
13.927786;6.296051
5.884946;2.299485
6.931090;9.183090
13.012123;-0.694609
3.835908;7.886984
7.259166;12.158146
12.252077;0.818395
0.202335;-1.603598
8.807322;13.982050
14.041822;0.808829
2.298439;1.787465
10.071651;14.119356
10.112503;0.570861
4.355238;2.573740
11.450144;9.993956
14.823118;-3.536715
4.486492;1.260676
12.117574;8.998213
11.942988;-2.055519
3.951217;-4.157988
8.428039;12.234380
5.649468;2.535380
4.633646;-7.884642
11.513985;11.549234
11.677713;-5.319479
0.397923;11.807948
10.140422;13.086919
16.215157;4.329056
-1.114462;-2.852427
21.753239;11.887022
7.764666;-2.283373
5.583101;-0.673074
12.795164;14.786524
12.415401;3.179748
-0.621307;4.281353
9.502811;11.920152
8.670945;-1.469129
-1.885970;9.382695
11.737197;14.227884
7.934206;-2.307239
4.265228;6.097667
7.813269;16.165068
13.950221;4.699522
-0.763265;10.513056
15.070119;14.943378
9.767014;0.235931
1.821226;5.079515
13.668303;14.939392
7.437005;-1.086778
2.892606;2.327092
11.586542;10.189023
8.120122;-0.860093
1.795465;-3.860211
14.507998;8.606286
9.467841;4.236804
-1.855021;4.731110
10.266981;11.718797
17.205795;-4.853421
3.847754;6.550270
13.106815;12.233732
13.637230;2.065022
-0.801101;-2.637047
8.728704;11.667719
13.059674;-0.038609
5.655640;2.624854
16.053043;11.228493
14.702600;-2.323018
8.499185;-3.479043
8.084297;14.148422
13.595249;-0.067425
1.918378;2.835659
12.165819;10.290951
11.636610;-3.359735
1.674673;-2.748913
9.529810;11.106766
11.231713;-2.225887
2.810993;0.455808
6.743173;11.514007
15.750116;0.592981
-1.594679;-1.127736
8.068159;12.909428
11.202876;-2.365966
3.591921;-2.487155
14.463772;12.895767
12.251099;5.447485
1.273389;-1.828499
15.780386;13.752090
13.287102;-0.171777
0.498768;3.568094
8.615365;13.378230
5.703363;-0.257989
1.321928;-1.089058
9.593945;15.966959
14.346927;-0.290355
3.581227;6.499555
12.053593;13.954815
12.334994;-2.242678
1.221159;7.902617
6.874086;12.364896
8.654774;1.007887
4.550550;-0.596528
12.729183;14.442270
6.761173;-0.011913
3.586881;7.661128
10.985371;13.860690
10.890764;-0.081441
7.786817;4.602075
10.183763;15.586058
15.642054;-3.115799
3.210027;-3.332272
9.309652;11.669324
10.875552;-0.522955
4.002761;4.367945
7.310977;14.486471
15.017214;4.030339
2.620481;5.875431
11.844504;10.651535
7.811237;4.778003
4.417737;10.849560
10.465814;11.902478
12.236989;-3.974896
1.446791;5.819323
12.933654;12.494692
13.095181;3.810251
2.617461;8.030905
14.666464;12.883444
11.800377;1.513382
2.332325;8.802948
14.819365;9.305454
8.359406;-2.883317
2.905405;7.467821
8.963766;12.045029
12.177339;3.657279
3.791441;1.139203
13.522776;12.911798
10.974900;-3.228603
2.603792;-0.337799
9.247571;12.909885
12.646620;-0.428183
3.690277;7.561821
10.323994;8.597958
11.578938;-3.408245
3.795796;1.595292
7.779876;12.066773
10.293750;2.925060
5.477749;3.587865
10.932221;15.177059
14.494220;-1.924266
1.614022;-3.864944
10.666687;12.323167
13.864815;-0.143055
2.971136;5.338770
8.234068;17.079348
16.243046;-1.194225
3.422863;9.731835
15.195760;9.573314
13.896935;4.289797
-0.865532;4.703988
13.427993;9.469316
15.531449;-2.176238
3.926596;4.811081
11.539209;14.790240
14.306262;1.190592
3.267023;5.109924
6.461749;15.597161
14.080665;2.021726
4.912968;-0.869491
7.006348;14.139477
15.116399;2.238376
4.785922;6.614661
11.661933;18.146780
16.464602;5.432501
2.560469;6.850314
9.520517;12.098292
14.708783;-1.501298
5.210463;1.063604
9.880590;12.249093
8.006011;5.805388
5.576726;-2.241414
9.663419;9.773244
9.828310;1.021607
1.885521;2.414215
11.596960;10.475658
11.567366;-0.347324
0.305444;3.703873
12.220345;13.165604
10.784289;-3.829294
0.205094;0.661630
8.034347;12.074409
19.949898;-2.110507
5.073939;2.260219
8.980282;6.863402
13.525476;-0.625409
4.081911;2.705588
14.669043;10.523818
11.906714;4.012135
2.596330;-5.672758
13.178113;9.193132
17.431736;3.707127
1.865872;-1.138519
11.791424;9.880013
11.421114;0.678106
2.042976;3.366496
10.540224;8.189518
12.119839;-0.931990
3.127046;1.559380
11.691951;13.831532
9.486559;3.868178
4.821599;10.968953
12.678148;9.384876
5.764488;-0.550040
4.798975;3.598571
16.912436;11.434963
8.088759;-3.599837
0.775479;3.222579
12.836669;12.795923
8.534432;1.529066
5.201153;13.675535
10.584929;11.437217
12.637797;2.356773
2.643710;5.305823
15.433828;14.165554
9.651624;-0.281022
5.171520;5.925756
11.359921;12.910304
11.850790;0.282338
5.722511;2.555443
5.347250;8.382076
11.245355;-1.216558
3.022936;6.888680
10.204892;9.751637
10.663197;1.485227
1.202654;1.964245
5.909648;11.099703
13.906893;-6.708190
5.062625;-0.171443
13.915670;14.617998
13.411530;3.254063
1.482665;2.124530
7.867023;9.522614
12.129433;-5.061025
2.380481;-2.873996
11.377207;8.653740
11.694008;3.835573
-0.524163;-1.780249
15.600097;13.009665
11.890893;-4.552947
2.382690;8.460506
12.613060;11.264823
9.884892;0.943390
2.633303;12.094042
10.337799;11.883227
6.216075;-2.860305
2.888212;11.265609
13.099592;13.525506
16.618834;2.356330
3.222473;6.326804
7.409451;17.001749
14.264950;-0.245076
5.741796;5.018966
7.399931;12.707931
10.517211;1.273467
3.198759;5.877349
17.228542;15.782518
10.869523;2.055446
4.390234;6.288499
15.757229;9.621143
13.285254;-0.045779
2.572574;1.949899
9.074220;10.143156
16.787197;-1.957584
0.195390;1.733690
13.278192;15.551020
14.054675;1.284750
1.350116;-1.194074
9.857119;14.277555
20.124001;0.200431
3.149363;1.699261
22.505135;9.916451
10.076851;2.245505
2.386952;-3.116342
11.315689;11.336635
10.739809;-2.571731
3.931353;8.693716
6.791767;12.546550
15.090631;0.159628
-1.797735;1.868419
12.983562;11.875389
6.825172;2.497090
1.473230;6.194056
10.342611;10.918232
12.585495;2.789470
4.922223;6.247457
13.776793;12.948416
13.782148;3.509521
1.605241;8.227041
18.762184;11.631098
14.351789;3.144104
6.367628;4.345914
11.855082;8.499727
13.928860;-5.029110
3.715033;4.630459
13.512423;10.429795
10.764796;1.571026
2.708575;0.556074
13.495378;11.843786
13.962337;-6.280461
1.526386;5.981859
8.629914;14.185637
11.492259;-0.102334
5.900644;8.718386
9.473640;12.658606
11.127983;-1.438832
-2.970552;6.569024
7.770554;13.334291
16.450600;-0.074381
1.932896;-0.264948
8.642136;15.904100
14.877914;1.209505
0.968901;-4.628390
15.204546;9.676909
12.268058;-3.134394
4.403024;1.083681
12.689373;11.222949
10.927537;-0.467834
2.759218;2.144958
9.975885;10.659712
12.700006;-1.417202
2.418301;3.292049
6.372270;9.182725
8.790424;-3.348449
0.034835;10.981688
17.629591;12.868362
18.983648;-2.804248
6.847403;-2.442482
14.067881;8.950768
16.910509;-4.740275
6.371196;8.103588
11.128109;12.482148
8.328850;-4.798634
2.454678;4.366029
11.004719;7.689543
14.234027;-1.893005
-2.006062;-1.866870
13.830089;13.989826
7.038224;-0.463013
5.324647;-1.854208
8.017639;12.678219
8.187544;1.746942
3.137716;-2.225100
9.909505;11.845440
15.990135;1.026044
1.243047;5.200110
14.083039;10.261950
9.125753;-2.869113
4.785584;-0.704302
11.383700;11.950295
14.769566;-5.835608
0.776627;9.090075
6.932412;13.746352
10.623825;-1.077724
3.783401;-10.816329
8.791767;13.192169
12.405771;-0.077116
6.331641;8.453672
15.262363;11.912823
10.163959;2.207310
6.345613;3.259817
13.981935;13.273513
5.095062;-3.454210
3.405707;-1.498453
12.892617;11.558802
12.489110;1.737345
2.836290;-2.731574
14.694882;13.843403
14.877099;-4.899750
5.226625;4.142803
13.012947;12.058230
10.383078;2.874172
2.860009;-0.299719
16.021969;15.087878
10.761766;-0.390405
2.479612;12.620875
11.007005;10.912291
6.845149;6.621404
0.443195;2.992983
9.493566;11.799316
15.269266;3.217421
3.502206;-0.367710
4.806933;16.081806
11.284288;0.357808
1.119130;6.921107
13.745290;12.479377
8.685137;-2.634361
3.288789;2.300362
11.611361;10.942471
11.948805;3.725597
2.604296;3.037556
7.136094;9.943748
17.546289;0.978575
4.543333;10.224369
13.711925;10.080549
9.615582;2.508863
0.396187;1.456585
12.641468;13.445535
8.120741;0.557871
3.744720;6.158056
17.787355;14.469761
14.700217;5.922982
-0.082168;1.178503
10.689980;16.197248
17.894180;0.568791
0.443152;-0.179172
12.065965;8.891514
12.819788;-1.774543
4.246698;-1.081072
11.728716;12.080446
7.254849;2.689494
1.547111;8.363771
8.042443;11.661826
11.511462;-3.571801
1.168915;-2.463342
12.204586;10.952793
11.346821;0.954642
1.437059;4.142617
12.700046;11.313976
13.596806;0.671939
3.267485;-4.523094
15.137239;12.073832
10.610957;3.653507
3.678333;0.616637
9.020792;9.459751
14.525239;2.541822
4.272233;3.634889
9.971634;13.929945
10.779392;1.221235
4.172910;0.556036
9.431057;16.629505
10.640987;-1.023691
5.266829;1.481414
10.510429;13.454821
14.316469;-1.535717
4.088669;-1.639573
9.634201;16.381155
3.852585;-5.001407
3.634565;7.791104
10.767611;13.021586
10.448355;2.210330
1.258773;1.722312
12.135541;14.290567
5.915903;1.897570
2.172695;0.959184
10.467156;11.837632
11.121252;-1.314874
2.254933;4.634876
10.578664;12.559926
13.526037;0.466182
6.064169;4.551965
7.649729;10.742931
13.315346;-1.282882
3.539510;5.854754
11.969976;7.030901
8.797654;-1.426276
3.884654;0.697897
9.860476;9.642374
14.701488;-2.425990
5.015944;-1.853366
11.989750;11.263651
13.537925;-0.250867
2.766225;2.613268
16.682335;12.561913
16.674080;-3.182920
-1.483721;12.552947
19.398710;8.047997
13.497122;0.465526
2.399890;3.165497
9.766362;13.960941
13.426371;1.303543
5.450247;-6.295568
10.802397;11.901717
12.732248;-1.920310
2.932722;1.743163
17.044636;11.888887
10.270557;-1.360845
2.896605;-0.321532
17.133808;7.671902
7.372525;0.457363
3.653914;6.406212
13.969414;19.104179
8.498247;2.901428
4.291162;2.167537
9.761366;8.854310
12.897943;-3.224029
6.441579;9.459759
11.360768;17.412146
14.576122;-1.525789
0.366292;8.193447
16.128664;11.912677
15.973839;-4.321140
1.805405;3.847163
12.392677;15.608884
14.350936;2.660940
3.731550;-0.325160
4.392874;9.219442
9.686871;1.391634
4.898657;0.166711
11.568950;13.176570
13.404432;-3.379218
-0.961342;5.938673
7.948840;13.015121
8.808257;-2.219047
4.058860;8.164400
13.619869;14.944415
9.346484;0.553185
2.413896;5.246687
17.757940;9.908251
14.190823;-0.938655
7.788523;0.501633
15.579659;11.263556
10.630149;-0.769450
3.819051;3.541039
13.463068;11.842005
11.127436;-1.748762
2.157660;2.470189
13.795662;14.635371
10.096625;1.196364
0.657066;1.627458
11.301016;9.790863
16.342907;1.564493
4.344621;5.408364
10.466515;12.934339
15.624805;-6.506412
4.763415;1.491473
7.783839;12.664676
20.598782;-0.209583
0.325110;2.334638
7.321295;8.956781
13.561739;4.225735
1.113248;-7.709624
9.853017;13.896572
15.419166;0.268493
5.568807;-4.979697
11.853422;12.153399
11.720201;-0.920535
0.381955;6.826339
12.351966;9.995083
12.207895;0.359382
-0.050532;-4.000024
11.219528;16.990242
11.385069;0.889604
2.855264;7.013242
11.357677;11.609662
13.308014;0.536385
5.617596;4.127382
9.382294;13.319741
10.146815;2.342616
2.145452;-0.713354
14.208002;10.556974
15.309775;-0.157603
6.855392;2.410413
10.426026;10.496089
13.718247;2.363135
0.128926;-11.185684
18.816963;12.228429
10.822838;-4.040305
-0.663572;3.938305
9.972612;11.402472
11.559213;1.329042
6.773932;10.381404
11.208504;12.740434
11.174831;2.147237
-0.849227;3.789569
15.230003;13.931858
16.995659;-1.301967
2.414319;-4.429090
12.424767;12.769139
14.440488;0.989434
8.649549;3.811969
10.967047;13.612558
13.327032;1.442296
1.575563;-3.555234
11.961175;10.310873
9.780416;2.003145
3.840669;4.587648
9.433329;13.121922
10.597142;0.017328
2.804244;2.315001
16.307323;10.152636
6.741905;1.591323
4.046076;0.268305
11.724807;15.498345
13.639597;-0.310959
2.373671;0.780017
15.226416;10.860495
13.481783;1.286795
3.465368;-0.311945
10.490655;15.974686
13.740085;0.699012
0.748635;2.874367
10.808547;12.542114
13.321573;-3.851309
2.317270;1.839509
12.601070;15.805426
13.324783;-4.347581
-1.113519;1.346041
10.458677;12.770495
14.871371;1.047167
0.804219;-1.793066
5.648572;11.021170
10.707732;1.555644
0.204074;1.086125
10.620703;12.203637
11.719670;2.344613
2.515912;5.630795
11.058805;14.098197
12.523948;0.182549
0.195611;8.576827
9.578703;16.187498
14.170408;0.043898
2.937176;-3.762879
13.319023;11.845701
12.369660;0.981188
3.862704;3.606292
11.982015;12.625113
19.925701;-2.809075
2.636525;1.406984
11.573384;13.897925
6.722547;0.832612
5.615260;6.779735
17.564537;14.020844
13.531000;3.271156
6.356119;0.324498
10.143810;10.437894
10.084469;-5.257474
1.320871;4.388839
13.114880;9.171795
15.580019;-1.520250
5.567403;2.978557
12.267364;8.588487
16.723833;-0.009749
0.120152;0.221034
7.824555;13.432444
15.904079;0.308919
3.200617;5.676030
13.473183;10.787244
11.918509;-2.180173
4.918817;13.687868
13.603618;15.501999
9.879941;-0.888665
0.007893;-0.029284
10.622747;14.160332
10.453074;-0.654473
3.930590;1.577694
9.607058;12.394195
16.527458;4.169263
1.601899;-0.262096
16.428043;13.074543
11.533813;-0.836824
2.725546;1.512979
15.287440;12.150884
13.641912;-1.227432
0.157873;7.708346
7.154336;10.707777
17.687357;-0.256455
3.169687;2.279812
10.958865;8.468115
12.863323;0.859702
6.529379;11.656705
15.154526;16.219088
11.610744;-1.175757
2.004692;6.175107
13.045035;11.248562
11.338360;0.994365
0.155349;-1.313999
14.721764;15.917034
7.445635;-2.002138
5.570845;10.617706
11.717286;18.042110
8.298851;0.976341
1.115358;4.477934
13.086521;11.619875
15.145064;-2.098374
3.151870;1.725459
10.633934;16.865856
10.664788;3.177858
4.233254;2.368430
9.503167;15.569481
14.486442;0.701131
1.789031;-0.020120
18.833860;10.096806
9.097864;-2.014119
3.677899;-0.677107
5.376136;15.341706
10.762011;-2.776970
1.818552;2.589948
16.767591;13.396608
12.771780;1.949101
3.613742;2.693348
14.280907;11.580248
13.321105;-0.968043
3.861393;-1.206006
9.540231;13.399744
13.163779;-2.526497
1.995598;2.706954
10.646756;9.478716
12.887633;3.359895
1.316538;6.044919
10.910952;11.586493
7.849102;1.739203
4.640982;8.321718
12.697355;10.723967
18.525805;-0.480907
3.380854;5.679815
4.651764;11.905632
9.112230;1.695706
2.588840;2.554228
12.321342;13.046000
13.838083;-1.786787
2.267603;7.739931
12.631437;14.185995
11.974182;2.750138
2.271541;2.467294
10.963028;14.605824
18.305725;-3.253279
4.881008;-0.919298
8.809424;12.852874
13.886718;1.153152
3.878286;3.761309
9.617288;10.847949
9.542727;6.904414
3.494839;10.698546
10.779675;11.145138
16.078918;-5.456666
2.783294;5.452292
13.127265;13.708053
15.258458;-1.882895
3.558002;12.395790
12.974506;16.381277
12.814222;3.462640
1.130224;11.641849
10.844701;10.792883
14.723408;2.827807
7.321396;-1.039497
4.409652;5.437263
13.780433;3.003541
1.903769;8.469745
14.632934;14.118957
5.250341;3.222754
2.722184;4.155235
8.299800;14.923239
12.174300;1.036789
4.737224;-0.625629
13.291078;13.471607
9.761781;-0.229095
1.305992;4.108184
11.012020;14.625021
16.943520;-2.047554
3.777062;13.937241
12.573432;13.945551
8.842313;0.721688
7.405461;-0.533027
9.605711;11.380713
15.510487;0.785645
4.885652;1.765782
3.663577;12.504481
8.999641;2.386395
7.170350;1.464878
6.141865;9.783722
10.176037;-4.235775
2.734057;-1.471041
10.683165;11.040339
11.731697;-2.054624
3.408749;3.274750
10.538898;10.679371
9.327883;-1.145175
2.384843;3.475954
11.474827;13.402198
13.551287;2.776569
2.182982;2.712832
8.425265;13.172464
11.785786;-0.002049
3.273439;1.772932
13.467972;17.748890
16.722645;-0.965428
3.164753;4.012765
12.928228;13.572870
8.883371;0.447422
3.988503;1.279370
11.485951;12.547300
13.549829;1.349272
0.814863;-5.211541
10.909031;12.058212
15.031799;6.727593
0.930492;8.304306
11.425036;12.991725
6.555240;-5.101637
5.422217;-2.901599
4.745118;13.990982
9.780897;-1.274853
0.429135;5.855658
11.301840;13.016558
17.247824;1.859892
8.137327;2.331078
9.935549;14.643792
10.976908;3.448353
1.263344;9.570811
9.287346;14.289875
15.679497;1.327877
1.236391;6.747519
18.530342;13.865441
15.241477;1.271157
3.249255;-0.469934
7.941595;15.170341
11.788439;-0.105398
2.295055;0.790998
16.304499;11.770022
11.505238;0.574928
2.834598;0.683895
15.241159;9.633089
17.558397;5.447070
1.390522;3.696789
9.236074;11.902307
8.764139;-2.619901
3.395230;6.387999
11.193593;10.637308
16.409563;-1.718946
0.301330;3.164525
13.927628;17.934774
14.298710;6.513319
4.705609;2.688987
11.670367;15.161080
17.210056;6.742802
1.502823;5.258015
8.135811;13.705150
14.883635;-2.163193
4.875754;7.792726
8.338427;14.271259
13.700899;-1.432567
4.253086;0.129500
15.557652;12.593999
13.337896;0.336632
7.406604;4.920002
15.343117;12.719795
8.142663;1.226959
1.598037;1.617092
13.989052;12.477418
10.204404;0.633470
1.168128;5.105773
8.107764;12.094728
18.507034;-2.379756
6.100913;5.378899
6.824513;11.806902
15.019647;0.229026
3.352309;2.234909
13.443266;12.961737
15.136012;-1.262487
3.930023;3.723154
7.732235;11.664670
15.201086;1.379392
1.898798;3.674749
11.380571;15.198756
12.741681;-1.419648
4.271211;11.918056
10.129889;15.815172
15.558781;3.714273
3.593565;10.241615
14.023564;13.350423
10.478928;-0.109810
3.173128;2.701921
13.060542;13.280972
14.676442;2.925621
3.113535;6.791054
6.860059;10.390319
14.014872;3.319705
3.590088;7.765074
5.466875;14.325047
13.167090;-3.622516
3.973538;7.913729
16.733902;10.284931
11.633475;-0.423898
4.832575;-2.881405
9.618752;10.984812
11.934271;-0.998547
2.447884;5.719556
9.473549;10.769270
11.404941;6.275191
4.747960;3.719995
8.884508;11.382299
11.474150;1.647970
1.753934;12.854791
7.591314;13.402933
18.529890;-2.275229
9.264320;3.728131
8.512228;11.870122
14.906034;2.740849
4.517561;0.402437
9.307829;12.090298
7.160708;3.205478
0.023926;-1.505071
15.673668;9.638382
15.978564;-0.637109
4.597020;1.603607
13.425611;14.886490
9.382939;-0.028512
3.552918;7.772885
9.446344;13.333031
7.045568;-2.015522
5.727219;4.189891
5.111621;11.919435
12.157808;-4.817961
1.296277;2.373374
10.670282;16.868153
14.391684;-3.437016
-0.071712;2.453560
15.173767;12.199311
17.635880;-1.044062
4.592566;5.866701
11.423069;9.182940
7.794537;0.562938
3.519032;3.105993
15.702663;9.176491
14.085068;-1.873615
4.098235;11.214428
8.022223;12.064365
14.696474;-1.579841
2.936218;0.020687
12.323299;14.855892
9.854136;-3.824518
6.466049;4.774466
10.771154;12.941306
15.355036;1.103631
3.210903;6.720980
15.857460;11.212969
16.471087;0.353260
6.786468;7.447339
10.737753;13.736799
11.205580;1.660782
2.927843;-2.433606
14.068459;13.749997
10.059938;1.008687
3.440830;-2.515509
5.681507;9.708993
18.849283;3.464305
2.501071;2.144376
11.514035;11.773177
10.652955;-4.311307
1.903373;1.148816
9.469469;12.968921
15.628736;0.381736
5.966754;4.873895
11.749523;11.127341
13.767792;0.148989
4.683275;8.390821
7.561681;10.864516
14.198815;-1.310990
2.069181;-2.508420
14.164588;12.988981
17.026854;-0.127310
1.113496;6.348901
7.436127;13.830304
11.297807;1.430224
3.314100;3.548077
10.563566;9.733778
12.385481;2.776872
1.943796;4.890322
9.409561;13.355225
17.392315;1.747854
3.631969;2.114551
9.115540;14.367138
12.027755;-4.427162
3.558141;0.734960
8.125961;13.902195
15.862099;-0.273841
4.117077;6.342000
13.651584;12.713923
10.175438;3.833065
2.982445;4.711580
12.790390;10.834673
12.012096;-1.560124
0.268699;7.556933
10.041502;11.787115
14.586665;5.522316
1.715988;2.521919
15.699003;13.881285
12.198401;0.023278
-0.620252;-6.135550
9.212675;13.698714
16.639004;5.188998
4.495630;-3.707495
6.134953;15.124006
14.929022;-3.184459
6.130800;4.081540
15.907534;14.636983
16.288078;-3.988396
-0.891852;3.956239
5.238475;10.342749
19.515846;-1.596923
0.841606;-1.065745
12.479342;13.641909
11.524410;1.746352
-0.367073;0.654051
13.478975;9.727448
9.482850;3.240824
2.958795;1.368470
8.620352;13.781454
13.542505;2.203489
3.233042;7.718122
10.931595;13.911694
10.957399;-0.758618
3.757493;7.356694
9.898305;12.956385
9.684037;-1.310510
6.143175;2.778387
9.094772;10.554541
9.935923;2.115298
3.515829;0.632344
14.067842;13.260826
12.403396;-0.911187
6.121093;11.709467
8.761534;16.141365
12.922813;-1.161445
0.587336;3.244505
10.503778;13.126879
13.793649;-1.766156
4.969475;1.938876
10.184986;12.162596
14.360929;-1.933543
3.078561;2.422483
9.533205;11.473465
18.091072;1.200106
1.989306;-0.233347
10.108804;13.770972
11.257061;0.371460
2.195828;5.212280
8.372643;12.401737
10.289433;1.876301
5.875394;7.168169
12.763129;12.451866
16.794226;0.379023
-0.460660;1.490875
10.366647;9.664552
13.262267;4.646494
5.457454;-3.148257
11.860567;13.094304
15.185758;2.193943
5.452327;-4.736263
9.902693;14.143515
13.082160;-1.131217
4.908934;2.859439
13.621563;11.880066
11.023880;3.207746
3.029788;12.467020
11.716035;10.448913
15.623688;1.114693
1.945706;0.506248
18.255856;13.339592
12.327651;-0.721714
0.373707;8.117504
11.479801;10.697014
13.726554;2.420924
2.423286;0.686510
13.159123;16.449074
13.016138;0.351408
5.227984;8.789626
12.214745;16.054426
12.377275;-2.576263
2.827447;4.400077
6.311469;16.186804
14.796463;-3.793916
5.411943;2.028543
7.267140;14.062341
10.040504;-0.856805
4.285083;11.660427
8.925145;11.421095
9.607872;3.420599
5.267223;7.048959
13.333607;9.159262
18.116081;0.897782
1.772686;2.657273
6.429215;13.525673
10.018144;-3.301382
3.679753;7.060894
10.162624;14.656349
9.864637;1.178462
4.377691;4.708492
10.334105;9.938643
12.573957;2.101944
1.903435;1.338117
14.644241;15.010430
16.319477;-2.870281
4.007641;-0.924153
5.825733;11.506536
14.983725;-0.227919
2.517107;5.436666
14.431205;11.815989
14.036633;-1.894640
1.491667;0.449704
12.850703;9.585719
13.251335;2.751868
3.360841;7.309525
13.259171;11.544979
12.000644;1.306923
0.109778;2.111035
12.874947;11.919029
7.851140;0.393870
3.770845;4.200297
5.231647;13.659761
15.383231;-3.165319
2.260623;3.885487
14.123541;12.766240
5.380086;1.580217
3.472299;-0.746449
13.348834;13.276022
13.920530;-0.268998
0.171313;4.354466
10.303101;11.101936
13.939208;-0.948542
0.848552;1.950423
8.485777;14.416023
7.097198;-1.170685
1.541129;1.577399
13.281220;14.665779
9.051725;-0.988133
1.798646;1.193857
7.873792;12.864274
13.487257;-0.855284
3.338322;10.836083
10.495065;10.914892
16.013821;-2.629094
0.019044;4.293415
8.682129;18.837378
8.894564;2.263730
3.855177;2.516087
11.684535;12.209489
15.953118;0.076934
-0.141015;5.799856
9.325616;16.056778
16.583393;-2.388572
3.750626;1.385761
12.785894;17.343498
13.614832;0.952455
2.483236;4.290057
12.630146;11.418812
12.452527;-4.095287
2.830943;5.559939
13.122606;16.433746
15.821690;-2.208709
2.543293;3.210016
15.969817;12.423301
4.816541;0.649712
0.262090;2.089507
7.363495;13.365970
14.854405;-0.395223
2.353450;10.616331
9.348167;17.918777
11.758639;2.193859
0.263623;2.161290
15.418232;14.245620
6.625083;0.263871
5.417613;-0.022476
10.687572;13.429635
9.742579;1.506088
0.083013;5.252435
9.749352;12.624939
14.259166;1.855093
4.404004;2.236990
6.482197;9.566577
10.361544;2.165304
-1.239730;5.720943
10.355008;12.183022
9.153444;2.153939
1.373061;3.370529
13.352729;12.301632
10.699973;-1.546934
3.734510;5.043360
6.595477;11.659049
14.604550;-1.206210
3.614187;1.383834
11.924893;12.344657
13.811728;-1.196251
4.382764;-1.412627
12.994534;12.390068
17.328259;-0.073325
6.765757;3.674692
13.977370;12.694882
7.514034;0.974375
6.323233;3.237527
12.724127;10.057131
11.631520;-1.474826
5.561157;4.066492
11.443887;11.907092
11.629559;-1.076578
2.788887;4.331477
9.217216;10.628085
8.755281;1.849946
0.346984;8.509708
9.683567;11.475947
7.198485;-1.354937
2.769527;10.545440
13.677961;14.891682
12.976405;-2.093277
-0.821289;6.210773
12.568482;15.820560
11.606962;0.564323
4.493156;2.795505
14.605236;10.754667
12.404251;0.560563
3.270954;6.069115
12.257878;11.324358
13.609365;-1.501402
2.927825;8.111825
10.071282;12.799792
11.316756;-2.160507
1.694868;-4.063200
6.726912;15.652702
10.941704;2.929886
3.198962;7.448899
12.100553;14.430400
16.490677;1.694624
2.933542;5.911172
15.803255;8.969339
15.605076;1.300201
3.396013;5.720883
12.110823;13.740758
14.113025;2.381738
1.264464;-0.059203
9.668727;17.164886
9.022591;-0.064194
3.743047;8.213319
8.405397;13.268019
12.929512;-0.928712
3.440751;4.459122
9.634321;12.489566
10.275595;-1.510600
4.375723;9.289048
11.508891;15.838392
15.775180;1.357032
5.237962;4.452721
8.164346;15.200425
13.257898;2.594219
2.903534;0.212336
12.307042;10.989889
15.839415;-4.533909
4.073458;1.928669
7.376348;11.032473
12.910441;-6.030414
6.846742;-3.936337
8.290814;15.071361
10.236885;-2.852381
2.798619;7.107878
9.401144;11.844637
11.686835;1.542615
1.993303;7.864433
16.134844;14.284764
9.502117;-2.210045
-0.303625;3.708955
6.328437;15.123283
12.503814;-1.940728
5.588577;6.807490
13.738975;12.096092
10.844028;1.631554
2.583571;0.356020
7.418209;15.042689
8.101168;-3.386866
4.525732;0.418429
14.050507;8.288292
9.965158;-0.695403
1.135718;4.231696
12.242675;12.869368
9.695635;-2.739552
4.497629;6.800103
15.888453;11.073907
9.336571;1.219300
3.359295;-3.036924
9.897807;10.647572
16.314339;-4.804843
0.056025;2.605899
9.934563;14.879122
12.647112;-5.355989
3.820163;-2.369461
14.436343;15.289593
5.072637;0.306306
6.215390;8.085917
17.440866;11.667730
9.523592;1.235440
2.424917;-1.734053
13.591640;12.464830
10.985870;-2.924028
0.546215;-0.922673
7.050073;8.152742
9.474622;-1.735668
2.390111;1.184695
16.527716;10.866270
11.753399;-1.550300
4.455575;5.854823
12.856154;13.074307
10.575833;2.628976
-0.829772;7.971710
13.819563;13.898952
16.601057;0.764507
4.058823;3.442510
7.947335;11.029948
9.802001;0.292349
2.017687;3.634471
11.989000;8.687035
14.712597;2.681578
3.662573;-4.940828
11.855965;14.291486
9.172659;0.954866
3.302289;3.778430
12.829229;12.846750
13.837612;-1.266083
2.792646;-1.624081
12.810745;8.166665
10.619857;-0.919288
0.850494;0.210605
11.175801;13.114677
15.182123;-1.891202
5.396042;1.347873
10.845968;11.062045
10.907715;0.885146
2.098500;0.151209
11.145330;11.223205
14.839672;1.574500
5.851088;8.069799
9.943478;10.711965
11.852928;-3.046664
6.879266;2.001624
10.550578;18.395790
8.552719;0.236296
2.985933;5.601755
11.856969;13.505311
16.655212;1.455003
5.597443;-5.954096
10.038744;14.504789
12.967081;1.783850
4.231905;5.856772
8.408669;12.878140
14.780411;-4.706886
4.701801;3.996342
11.964427;8.107930
13.338795;-1.213172
-1.516304;5.494834
13.572898;9.537364
12.715809;-1.489977
0.678332;6.410122
11.385450;14.374674
15.075755;2.576451
1.862928;7.352345
15.136908;14.590708
13.482472;0.600776
2.182962;-1.945943
8.410359;12.289614
13.146326;-0.319073
4.009071;8.347879
13.587164;10.476574
16.884380;0.715993
1.889099;2.490303
11.639378;9.813620
12.674417;-3.049161
2.128253;0.395139
13.270988;14.348480
8.377600;-1.018563
3.306007;2.789041
10.607012;9.830677
11.932761;2.646941
2.187268;-5.657712
14.881488;13.911751
11.184660;0.186010
-2.505936;-1.375389
10.294827;12.331979
12.058945;-2.656615
8.061445;4.069059
10.562560;12.249472
9.754095;3.650989
2.987671;5.730406
13.727903;11.832005
11.712823;1.139516
3.858432;8.867729
8.048879;14.075941
16.457155;1.178331
6.421331;-0.238936
6.514518;9.939384
13.881930;-3.182275
3.897830;9.455330
12.058173;14.130610
11.231739;-2.180692
2.368480;3.873660
13.060766;13.632755
11.753304;-4.544625
2.366671;-2.754814
15.102704;13.832859
10.921482;2.792111
1.107072;-3.765322
7.120329;12.681352
12.738700;1.582914
2.805725;13.957412
8.157928;11.993421
14.948281;-2.618783
2.689408;8.172279
6.253298;11.141047
17.680771;-0.745514
-0.030550;-2.398386
11.782281;10.189009
10.354815;1.905164
5.637757;2.195137
9.187642;12.005063
12.566641;-1.046677
-1.587004;3.059978
5.937025;14.889275
12.760617;1.145684
-1.020616;-2.849767
12.996280;7.223820
16.152405;0.392274
2.965570;-1.792315
11.181729;10.004520
10.890588;0.360990
3.466339;3.154446
13.825584;12.364162
10.931745;3.596188
-1.017908;1.559365
6.726253;12.032977
13.957058;1.362128
-1.518137;-2.156309
11.085525;8.702464
16.272791;-1.287865
3.038656;6.253351
16.894621;10.219181
18.330227;-3.679857
3.910806;-8.815404
7.660795;7.686924
9.336797;0.318378
3.966070;9.505175
5.823752;12.707075
6.420582;1.239833
3.892320;4.784520
5.809822;11.922453
13.602579;-2.351979
4.037757;8.894233
8.118350;7.901622
9.637371;-1.529218
4.242551;5.931803
7.024642;13.131030
16.543804;-0.565665
7.381813;6.774517
7.568575;11.124565
9.447553;-0.327313
3.161173;-5.713077
7.737022;13.930677
19.143074;-4.492352
2.916973;0.748683
12.955164;8.445536
9.857361;1.980044
5.301249;6.351864
4.164803;14.766805
9.947660;-4.198942
0.318700;2.580193
10.280834;11.992023
10.057835;0.681145
4.728812;7.379175
16.200977;13.074083
13.790326;1.878079
6.101686;-2.174660
11.979480;10.040036
7.149657;-1.014036
2.551532;2.400219
14.562321;13.036710
13.369862;-5.973906
5.487054;5.060539
8.388024;13.675179
8.811991;-1.548828
6.031174;8.233732
11.027567;9.432281
12.749524;-0.188600
6.474777;6.029253
11.695183;14.128966
9.525628;1.431355
-0.191254;5.252523
8.845290;11.832660
6.484223;-0.564079
1.085833;6.875079
11.584283;18.100748
16.776745;-2.446398
3.925163;0.445632
11.154087;13.192456
11.322634;2.481628
-0.644078;3.132303
8.632211;10.178735
15.793989;-2.189851
1.290642;4.179116
9.200276;11.827690
8.662499;3.518078
9.171843;-6.219504
16.528831;11.996237
15.731489;-2.425985
0.011442;8.228142
13.833364;14.072663
10.286315;0.618611
2.389420;1.084537
10.594953;12.057450
14.079246;-0.287410
6.472637;1.593478
13.488680;13.942085
16.329033;-1.135357
3.273918;-0.887401
13.287634;13.287864
7.988008;0.194445
-1.267601;1.618821
10.370750;10.649590
15.938990;0.802951
0.839344;-2.450997
11.724428;9.171665
13.320497;-0.949447
4.400135;6.406165
10.092640;6.972600
13.767064;4.364572
3.974182;1.598319
11.987567;10.049543
11.336031;-1.399627
0.558999;-0.547469
10.559589;13.485937
17.466198;0.316980
3.129024;1.687189
4.010397;10.034251
11.211561;1.997846
0.960186;0.327452
11.387259;13.720302
7.320791;0.591193
7.351082;0.019644
15.973046;10.331930
10.745270;-0.534689
6.786644;-3.822781
12.574040;14.604825
12.971357;-1.753043
5.054734;-2.078246
13.511336;11.862821
11.794049;1.701126
3.504267;5.797345
7.772374;14.335999
14.357619;-1.935585
5.124077;7.872751
9.920715;10.396653
11.040974;-0.211127
3.656501;3.791694
11.370742;11.665622
16.768993;-0.809411
4.188150;-4.308698
8.969898;11.875462
9.128369;8.685581
2.325145;0.651090
10.723331;13.989420
12.959191;1.258488
4.655194;-3.903585
8.215261;15.353399
13.121352;3.720128
3.116846;3.413206
11.230505;12.770978
12.221143;-5.226945
1.459290;2.845859
13.910104;11.546675
13.570870;-3.483796
5.584722;2.943416
15.255096;14.024189
16.935068;-0.843184
2.753349;10.175591
8.949897;10.753527
15.669037;3.109803
5.356762;3.412541
7.635450;15.741080
9.281854;-1.743577
-2.303728;-1.550285
14.294419;11.727033
9.437508;1.393709
0.451043;11.210146
11.489248;10.929115
15.775782;-1.240539
5.659593;4.272664
14.747229;14.528337
18.390404;-0.242838
4.536077;0.454020
12.495765;11.817611
13.596623;0.466303
4.425898;4.148479
10.397265;14.145278
13.376224;-1.158884
4.257231;-0.581590
12.709024;16.502975
12.536745;2.726736
0.020837;7.004368
10.030232;12.584064
15.530322;1.416375
0.567283;1.819539
11.440718;9.507866
13.098843;1.899603
3.170662;9.856392
9.803118;12.035202
10.226403;-4.874340
6.207413;2.398682
11.877766;10.431893
9.246328;-1.688807
-1.403179;6.575800
5.550529;14.395301
12.273913;2.284854
1.420808;12.320191
8.667305;12.733255
12.404260;-2.151230
0.795666;-5.728653
14.345457;11.218506
9.905871;1.547254
-0.326954;5.464980
14.279173;14.587917
13.982615;-4.274532
6.469344;-1.354745
17.912096;11.395307
11.379938;-2.476656
-0.303608;4.731462
10.606610;14.654463
9.704748;-0.408131
-1.267025;1.051228
10.722456;12.668167
11.907068;2.399908
0.604899;2.027744
14.703325;12.989823
10.798235;6.324854
0.804374;4.311399
16.220167;15.631920
15.937334;1.349573
2.643275;5.035028
12.009185;13.011546
9.646243;0.252663
2.014212;12.478733
11.991778;15.314260
9.441450;4.375076
8.323622;2.935363
10.793302;14.285643
11.523664;-1.472849
2.373311;1.852200
11.438360;15.718204
12.929123;-0.810808
3.757299;1.111080
8.221732;14.329790
10.303762;0.487923
5.690769;-12.087758
10.526950;13.230878
14.390744;-4.953947
0.842183;1.099446
14.619438;13.157305
14.269375;-1.108101
7.360449;3.323741
15.285297;11.919069
11.150086;0.706211
5.505167;2.129573
5.549640;12.510781
9.836341;-5.182526
1.786921;5.836545
6.929996;13.498154
16.563007;0.628918
1.199212;-8.480644
13.427268;8.557653
17.146141;-4.889688
1.034936;5.674850
16.398722;13.866261
14.171957;1.756050
1.466630;8.163103
9.075689;15.318841
17.210842;-3.329384
2.389320;10.405472
9.463243;10.842270
9.079170;2.565464
2.561933;9.003960
9.941965;13.384790
15.564901;-3.427386
2.248150;-6.349566
8.607209;9.503561
15.096057;1.010253
-0.783841;0.637101
13.365912;14.602887
10.644777;-2.135946
6.499870;6.985237
10.782769;13.232271
8.692354;-2.060764
1.627446;3.679187
9.110182;14.706652
4.382257;2.926947
1.037584;-3.805831
16.187563;11.758801
14.293101;0.128480
0.854148;1.887501
10.957013;11.190344
15.839441;4.580399
2.191904;6.552386
16.144722;10.338051
15.893373;-5.723351
5.503705;5.363894
13.554203;10.066825
11.843393;0.625669
2.996938;10.267461
13.165134;12.859638
11.810960;-2.285897
0.407732;4.301664
5.076773;16.294643
10.959465;-1.578627
4.419098;6.333498
9.865142;10.800440
14.497780;-1.163215
2.508127;3.545599
12.896080;12.828512
17.948174;1.501688
2.798630;-0.457284
12.224172;6.916990
11.451023;1.179152
0.645540;7.625785
13.661095;9.269625
16.049892;0.811675
3.056738;2.518139
8.592986;11.986853
14.221691;0.370448
5.580735;8.327076
13.939919;14.109419
8.396446;-0.181457
1.831345;2.311697
9.889494;16.291077
13.388924;2.541875
0.396037;-3.592437
9.339474;13.434959
9.414871;-5.344416
4.404187;2.807183
8.104293;12.853900
7.243526;-1.480919
5.792566;3.505630
10.825338;9.615250
8.168348;-5.628612
0.741548;-2.553144
8.141939;11.958974
14.091515;-6.210943
0.989561;0.126746
13.893929;12.983079
13.834849;1.120660
3.179306;2.621346
11.787304;12.955407
8.538890;-0.127679
4.749255;15.302223
4.572758;12.163120
17.635420;3.626562
3.242015;2.637439
10.845041;12.468558
11.945822;2.980131
-0.225616;2.103428
13.653839;16.983633
5.792675;-0.337903
1.315893;0.016444
11.592945;10.188550
7.109794;-1.017143
1.790701;9.081925
12.922473;8.191650
3.932441;-1.192096
2.390811;-0.328214
11.233510;15.540312
14.657382;-0.762645
0.483733;10.528652
11.355282;12.269312
10.154604;2.312437
4.375614;-3.453978
14.237722;14.262673
13.776769;1.882435
3.172582;-0.423033
16.538105;16.018784
20.220222;-3.958797
2.307518;2.346405
10.414122;13.536403
10.371149;3.617059
2.922800;-2.844865
10.678459;7.788365
9.366576;-1.305955
-0.692701;12.209423
9.973243;16.284575
11.807384;1.682388
-1.279793;-1.904863
13.632706;14.341690
10.804348;-0.176050
3.160476;5.936182
6.216962;13.832792
12.500330;0.696031
3.601749;-0.245964
13.726027;13.256729
10.805305;4.058772
5.085848;5.714132
5.901511;13.621754
14.383224;-2.467584
1.888568;3.871454
10.963889;14.911522
9.315812;0.127852
1.408467;1.161842
14.298659;11.236434
9.892021;-1.804970
1.216252;-3.727022
5.063684;13.545741
13.141571;1.889802
9.511631;4.246466
12.861798;17.516125
9.922377;0.209251
2.859925;4.123298
12.687212;12.490000
16.363579;5.888347
1.655871;2.793002
7.917999;9.628126
14.635615;-0.158452
-0.988129;-1.005706
13.443628;13.531057
13.766416;-0.483294
4.866860;0.738142
13.680194;12.424971
14.242884;0.445920
1.041927;7.126147
9.183201;13.131688
11.873415;-4.445387
5.151613;7.747063
12.071795;14.436363
11.740417;-0.894272
4.338316;-0.521050
10.081160;13.165655
12.365767;-3.959576
4.671477;-3.424749
9.760115;15.931095
12.697113;-0.381765
3.534042;1.959771
13.711715;10.158831
8.790579;-4.645626
-0.502589;2.573743
12.249930;13.871673
5.369919;4.556824
4.456614;7.364015
10.231075;13.619930
6.812639;-3.282027
4.539792;6.148524
7.734166;10.314476
12.036170;-2.466233
0.151217;4.597585
5.363022;14.339081
15.411197;-1.694092
5.457335;2.580603
17.695692;9.558958
13.010354;0.103073
0.841317;1.053229
9.708676;12.612539
16.391630;3.005701
5.048472;-2.074638
7.689273;12.649855
18.187130;-0.493509
2.422936;4.342351
11.794767;14.023821
10.953440;0.606707
1.889069;-8.478404
8.332163;13.431778
8.497713;-4.827100
2.495453;-1.152928
9.018387;11.505576
12.166996;4.433617
5.959794;1.963648
12.023314;7.896125
14.449279;0.860388
4.455753;-2.793841
11.204745;10.296363
15.842897;2.270034
1.423246;2.147463
15.550746;11.327333
17.508495;1.793430
2.499791;3.730236
6.997075;9.484039
14.597051;-1.027740
-0.487666;2.480758
13.444452;11.641800
14.030837;-1.437919
2.782531;2.481883
10.389958;12.944704
13.859158;-1.435715
5.497622;-1.331114
8.000217;10.477818
13.936003;-0.536660
3.755954;9.183447
11.500804;13.336236
7.403158;-0.758888
4.331241;1.334154
3.430976;10.920365
8.054324;0.572959
0.737620;0.209629
13.350657;14.653059
9.872112;0.647014
5.099725;2.939541
10.900494;7.711036
6.009087;3.885467
3.301547;3.676975
12.814089;13.440637
13.219332;-2.442065
0.620984;3.661762
8.968517;13.814128
10.792628;0.988389
2.810007;-4.206609
12.188673;14.808393
13.568420;2.845568
5.519678;9.427105
12.153837;13.731957
9.094165;0.750996
0.763679;2.930469
14.336356;10.861691
13.887417;-1.873222
5.741192;0.932620
13.702172;13.703050
16.668640;-1.857715
1.727693;3.567210
14.826036;13.666780
12.964869;2.794151
1.498978;1.057336
11.434759;10.704742
7.190597;5.773957
-0.502784;7.491535
9.010167;11.849564
10.318957;-1.020121
-1.318380;4.278416
7.516300;16.622459
13.420923;1.394269
6.252284;-0.679725
9.218621;11.768921
15.681047;2.432609
2.605920;3.818456
11.350095;13.323705
14.910406;0.485887
6.534109;1.391399
7.102128;12.261760
15.456281;-3.602224
1.613440;-0.159368
14.228003;13.479847
7.582948;-2.383353
5.238960;10.487192
10.519334;14.575761
12.409617;-1.097195
2.987676;2.161295
11.619699;13.176730
12.874372;-2.281620
2.819152;2.198867
10.925052;11.058608
10.116739;1.498829
1.310408;-0.180674
13.462947;15.525229
15.240393;-3.329014
5.627074;0.019773
17.317774;8.645900
20.945589;0.642288
1.146151;5.742698
4.358183;12.205039
13.503778;1.006003
0.136321;0.536309
9.308641;11.726557
16.854237;3.740616
2.744544;0.108851
12.910629;7.507602
11.354365;3.178591
-0.405660;1.551384
12.633346;15.239790
13.775840;-1.462757
4.211833;-4.895368
9.546073;14.934786
11.694750;-2.701165
0.877346;13.020070
14.987371;6.501476
16.138718;-1.756990
6.482773;6.302805
17.163692;14.799159
10.432278;-5.089335
-3.035853;6.789391
10.138455;6.555911
10.789606;-1.611104
2.643790;-1.272560
8.468389;9.817004
14.566038;-3.298110
2.776479;12.537567
17.214865;10.644798
11.194914;1.186689
0.259715;6.477354
15.551481;12.421347
11.224056;2.874171
5.347472;10.243248
12.114201;11.569975
13.713094;3.620590
5.974672;7.537182
17.160774;13.987764
12.607257;-2.333626
-0.327935;3.697762
8.493438;13.464863
11.170477;-2.246304
5.806439;4.685829
7.411808;8.427902
9.134137;-5.294277
2.621190;-4.240050
14.043680;12.304718
12.267800;2.643303
1.681040;6.671293
9.843348;11.908806
12.742462;-0.281303
2.944954;4.680949
16.987976;13.357822
10.669305;-0.437064
2.083760;4.230379
13.700711;13.872734
13.420437;-0.297656
1.953942;-6.314286
14.831263;11.202074
12.547845;-2.467851
0.502040;-1.692492
10.841130;13.998673
12.260159;-0.483115
2.904526;5.374593
11.406229;14.381328
10.079158;-4.274252
3.040798;7.727602
10.228011;13.674491
18.874264;1.887225
2.238092;-3.355695
6.657319;13.968159
12.741422;1.102766
7.498160;12.845236
7.694335;11.527921
7.962936;-0.678352
1.778067;12.178285
11.044478;13.945924
10.659667;-0.525290
1.511185;0.124703
7.057814;12.777967
15.281092;2.943346
2.497756;13.217385
10.343668;13.674797
12.618000;-1.756123
2.026787;4.311765
9.896353;12.585373
10.853945;0.861912
4.902125;7.172424
9.192121;14.694961
10.913442;-2.886762
-0.161288;-3.940291
14.506054;8.848061
9.527046;-2.883681
2.700381;0.566737
10.421498;12.579236
8.114262;1.535154
4.915855;0.901989
15.535904;12.201653
15.147882;-2.823157
5.859020;5.764283
9.846003;11.442957
17.636942;-0.947566
5.051089;0.138381
15.227638;12.399107
9.195752;-0.796832
4.040279;7.108661
14.353206;12.579024
13.284662;0.244411
3.077190;1.251223
14.310098;12.226408
10.243252;-0.692543
3.197006;2.568233
9.135709;9.604070
14.380064;1.521052
0.787009;12.200878
14.371408;9.342175
12.585301;-2.151023
3.924053;2.524539
12.874735;9.451386
14.371491;-1.458573
0.569604;1.821951
13.791696;10.636112
15.781638;1.311727
3.921139;6.469704
8.879072;10.130829
11.501966;-0.227417
5.101555;7.946685
13.562756;12.313076
14.072392;2.514308
-0.655723;0.426131
9.410954;14.345695
14.375094;-0.143029
0.759061;-5.527355
15.676836;11.794567
14.792004;3.316800
1.903213;2.612678
13.709772;14.187995
15.011758;0.686822
8.755561;2.448116
10.809306;13.080598
20.142151;0.071895
1.779842;9.885466
9.337687;10.593049
10.223211;2.894779
4.104046;7.912875
9.850103;9.961587
15.798100;-1.353491
1.144936;5.817911
6.139707;12.343241
11.555901;-0.413611
0.761804;7.477602
9.479382;10.540587
11.497943;-5.050695
2.057031;-6.405571
17.563530;14.691360
11.737382;-1.683279
-1.556798;2.977391
13.255808;13.947438
14.242031;0.020280
5.166856;5.591151
12.766176;14.904870
12.516244;-2.165780
1.378620;7.305197
13.627350;12.293949
14.632053;0.795610
2.976867;3.151599
11.834602;14.120649
11.042485;0.942334
1.750972;0.871705
8.686954;14.815329

